Label,Community
T1/pdf_2_MI.pdf,0
T1/pdf_3_AIC.pdf,1
T1/pdf_3_En.pdf,2
T1/pdf_3_MI.pdf,3
T1/pdf_4_MI.pdf,4
T1/q&pvalue1.pdf,5
T1/q-lrt.pdf,6
T1/stat610-09.pdf,7
T1/STAT_513_Lec_06.pdf,8
T1/StudentLecture08.pdf,9
T1/StudentLecture10.pdf,10
"T1/The EM Algorithm and Extensions, Second Edition -- Geoffrey J_ McLachlan, Thriyambakam Krishnan(auth_) -- Wiley Series in Probability and Statistics, -- 9780470191606 -- e9a3209826ad39b437667e2b4df231ba -- Anna’s Archive.pdf",11
"T1/Theory and Use of the EM Algorithm -- Gupta M_R_, Chen Y_ -- 3048279fbe7a13d5447582c2a812a141 -- Anna’s Archive.pdf",12
T1/Topic13.pdf,13
T1/Tutorial-LDA-Balakrishnama.pdf,14
T1/Unit-4.pdf,15
T1/Unit-5.pdf,16
T1/volcano plot1.pdf,17
T1/volcano plot2.pdf,18
T1/volcano plot3.pdf,19
T1/volcano plot4.pdf,20
T1/ychap20.pdf,14
T1/zScore-overview.pdf,21
T1/zScores_HANDOUT.pdf,22
T1/03-LRT_ErrorTradeoffs_NP.pdf,23
T1/09086816_1_.pdf,24
T1/1.pdf,25
T1/10-EvaluationMetrics.pdf,26
T1/10.pdf,27
T1/10037489.pdf,28
T1/12em.pdf,29
T1/1607.03476v2.pdf,30
T1/1811.09763v1.pdf,31
T1/1906.02590v1.pdf,32
T1/1906.07589v1.pdf,33
T1/2.pdf,34
T1/200961716_May2019.pdf,35
T1/2206.09196v1.pdf,36
T1/2206.09504v1.pdf,37
T1/2915.pdf,38
T1/3.pdf,39
T1/4.pdf,40
T1/411notes03.pdf,41
T1/411_brewer.pdf,42
T1/5.pdf,43
T1/50482e8cd4e5e382b6691dd5fe8cba05_MITRES_6_012S18_L02AS.pdf,44
T1/6.pdf,45
T1/6_2020_03_11!08_42_48_AM.pdf,46
T1/7.pdf,47
T1/8.pdf,48
T1/9.pdf,49
T1/AI_Com_LDA_Tarek.pdf,50
T1/Alternative-Method-of-outlier-detection.pdf,51
T1/Anova.pdf,52
T1/ANOVA1.pdf,53
T1/ANOVA2.pdf,54
T1/ANOVA3.pdf,55
T1/ANOVA5.pdf,56
T1/ANOVA6.pdf,57
T1/ANOVA7.pdf,58
T1/b08em-handouts.pdf,59
T1/BayesTheorem (1).pdf,60
T1/Chapter 03.pdf,61
T1/Copy of 03-LRT_ErrorTradeoffs_NP.pdf,23
T1/Copy of 09086816_1_.pdf,24
T1/Copy of 1.pdf,25
T1/Copy of 10-EvaluationMetrics.pdf,26
T1/Copy of 10.pdf,27
T1/Copy of 10037489.pdf,28
T1/Copy of 12em.pdf,29
T1/Copy of 1607.03476v2.pdf,30
T1/Copy of 1811.09763v1.pdf,31
T1/Copy of 1906.02590v1.pdf,32
T1/36624c2682b346b07cab3da416b752a7_MIT18_650F16_Maximum_LE.pdf,62
T1/ANOVA4.pdf,63
T1/Copy of 1906.07589v1.pdf,33
T1/Copy of 7.pdf,47
T1/Copy of Chapter 03.pdf,61
T1/Expectation-Maximization-[Frank-Dellaert].pdf,64
T1/MIN_MAX11.pdf,65
T1/Norm5.pdf,66
T1/PDF5 (1).pdf,67
T1/pdf_2_En.pdf,68
T1/Copy of 2.pdf,34
T1/Copy of 200961716_May2019.pdf,35
T1/Copy of 2206.09196v1.pdf,36
T1/Copy of 2206.09504v1.pdf,37
T1/Copy of 2915.pdf,38
T1/Copy of 3.pdf,39
T1/Copy of 36624c2682b346b07cab3da416b752a7_MIT18_650F16_Maximum_LE.pdf,62
T1/Copy of 4.pdf,40
T1/Copy of 411notes03.pdf,41
T1/Copy of 411_brewer.pdf,42
T1/Copy of 5.pdf,43
T1/Copy of 50482e8cd4e5e382b6691dd5fe8cba05_MITRES_6_012S18_L02AS.pdf,44
T1/Copy of 6.pdf,45
T1/Copy of 6_2020_03_11!08_42_48_AM.pdf,46
T1/Copy of 8.pdf,48
T1/Copy of 9.pdf,49
T1/Copy of AI_Com_LDA_Tarek.pdf,50
T1/Copy of Alternative-Method-of-outlier-detection.pdf,51
T1/Copy of Anova.pdf,52
T1/Copy of ANOVA1.pdf,53
T1/Copy of ANOVA2.pdf,54
T1/Copy of ANOVA3.pdf,55
T1/Copy of ANOVA4.pdf,63
T1/Copy of ANOVA5.pdf,56
T1/Copy of ANOVA6.pdf,57
T1/Copy of ANOVA7.pdf,58
T1/Copy of b08em-handouts.pdf,59
T1/Copy of BayesTheorem (1).pdf,60
T1/Copy of Copy of PDF5.pdf,69
T1/Copy of detecting-outliers-with-iqr.pdf,70
T1/Copy of ece830_fall11_lecture11.pdf,71
T1/Copy of Elhabian_LDA09.pdf,72
T1/Copy of EM-BW.pdf,73
T1/Copy of em.pdf,74
T1/Copy of EM_algorithm.pdf,75
T1/Copy of EvaluationNew-handout-1-per.pdf,76
T1/Copy of Expectation-Maximization-[Frank-Dellaert].pdf,64
T1/Copy of PDF5.pdf,69
T1/detecting-outliers-with-iqr.pdf,70
T1/ece830_fall11_lecture11.pdf,71
T1/Elhabian_LDA09.pdf,72
T1/EM-BW.pdf,73
T1/em.pdf,74
T1/EM_algorithm.pdf,75
T1/EvaluationNew-handout-1-per.pdf,76
T1/exploratory_data_analysis_for_feature_selection_in_machine_learning.pdf,77
T1/fpsyg-12-819854.pdf,78
T1/Hota-ML-LDF.pdf,79
T1/IJCSET14-05-02-064.pdf,80
T1/iqr-calculation.pdf,81
T1/itmconf_I3cs2023_01007.pdf,82
T1/JETIR1903116.pdf,80
T1/L01_02.pdf,83
T1/LDA.pdf,14
T1/lec10.pdf,84
T1/lec11lda.pdf,14
T1/lec16-slides.pdf,85
T1/lect8.pdf,86
T1/Lecture-03.pdf,87
T1/lecture-12-1.pdf,88
T1/lecture-on-zScores.pdf,89
T1/lecture10.pdf,90
T1/Lecture17.pdf,91
T1/Lecture22.pdf,84
T1/Lecture8.pdf,92
T1/lecture_4_em_paper.pdf,93
T1/Likelihood ratios_tutorial.pdf,94
T1/LikelihoodRatioTests.pdf,95
T1/LN20_parameters_mle (1).pdf,96
T1/LN20_parameters_mle.pdf,96
T1/MIN_MAX1(1).pdf,46
T1/MIN_MAX1.pdf,46
T1/MIN_MAX10.pdf,97
T1/MIN_MAX12.pdf,98
T1/MIN_MAX2.pdf,99
T1/MIN_MAX3pdf.pdf,99
T1/MIN_MAX4.pdf,100
T1/MIN_MAX5.pdf,101
T1/MIN_MAX6.pdf,102
T1/MIN_MAX7.pdf,103
T1/MIN_MAX8.pdf,104
T1/MIN_MAX9.pdf,105
T1/ml-em.pdf,106
T1/MLE.pdf,107
T1/MLENotes1a.pdf,108
T1/monitoring-process-Dispersion-with-iqr.pdf,109
T1/multiple1.pdf,90
T1/multiple2.pdf,110
T1/multiple3.pdf,111
T1/Myung-2003 (1).pdf,112
T1/Myung-2003.pdf,112
T1/Norm1.pdf,99
T1/Norm10.pdf,11
T1/Norm2.pdf,113
T1/Norm3.pdf,114
T1/Norm4.pdf,115
T1/Norm6.pdf,116
T1/Norm7.pdf,117
T1/Norm8.pdf,118
T1/Norm9.pdf,118
T1/notes16_EM.pdf,119
T1/o-mle (1).pdf,120
T1/o-mle.pdf,120
T1/ohd.pdf,121
T1/old_IDAPILecture15.pdf,14
T1/Outlier-detection-1.pdf,122
T1/Outlier-detection-methods-models-classification.pdf,123
T1/outlier-detection-methods.pdf,124
T1/p&qvalue2.pdf,125
T1/p2114-song.pdf,126
T1/PDF1 (1).pdf,127
T1/pdf1(1).pdf,128
T1/PDF1.pdf,129
T1/PDF10 (1).pdf,130
T1/pdf10(1).pdf,131
T1/PDF10.pdf,132
T1/PDF2 (1).pdf,133
T1/pdf2(1).pdf,134
T1/PDF2.pdf,557
T1/PDF3 (1).pdf,136
T1/pdf3(1).pdf,137
T1/PDF3.pdf,138
T1/PDF4 (1).pdf,139
T1/pdf4(1).pdf,140
T1/PDF4.pdf,141
T1/pdf5(1).pdf,11
T1/PDF5.pdf,69
T1/PDF6 (1).pdf,142
T1/pdf6(1).pdf,143
T1/PDF6.pdf,144
T1/PDF7 (1).pdf,145
T1/pdf7(1).pdf,146
T1/PDF7.pdf,147
T1/PDF8 (1).pdf,148
T1/pdf8(1).pdf,149
T1/PDF8.pdf,132
T1/PDF9 (1).pdf,142
T1/pdf9(1).pdf,150
T1/PDF9.pdf,151
T1/pdf_1_AIC.pdf,152
T1/pdf_1_En.pdf,153
T1/pdf_1_MI.pdf,154
T1/pdf_2_AIC.pdf,155
T2/23510023_book7.pdf,156
T2/23510023_book8.pdf,157
T2/23510023_book9.pdf,158
T2/23510024_10th.pdf,159
T2/23510024_1st.pdf,160
T2/23510024_2nd.pdf,161
T2/23510024_3rd.pdf,162
T2/23510024_4th.pdf,163
T2/23510024_5th.pdf,164
T2/23510024_6th.pdf,165
T2/23510024_7th.pdf,166
T2/23510024_8th.pdf,161
T2/23510024_9th.pdf,167
T2/23510025_10th.pdf,168
T2/23510025_1st.pdf,168
T2/23510025_2nd.pdf,169
T2/23510025_3rd.pdf,170
T2/23510025_4th.pdf,171
T2/23510025_5th.pdf,172
T2/23510025_6th.pdf,173
T2/23510025_7th.pdf,170
T2/23510025_8th.pdf,169
T2/23510025_9th.pdf,169
T2/23510001_10th.pdf,174
T2/23510001_1st.pdf,175
T2/23510001_2nd.pdf,176
T2/23510001_3rd.pdf,11
T2/23510001_4th.pdf,178
T2/23510001_5th.pdf,11
T2/23510001_6th.pdf,179
T2/23510001_7th.pdf,180
T2/23510001_8th.pdf,181
T2/23510001_9th.pdf,182
T2/23510002_10th.pdf,183
T2/23510002_1st.pdf,184
T2/23510002_2nd.pdf,185
T2/23510002_3rd.pdf,185
T2/23510002_4th.pdf,186
T2/23510002_5th.pdf,11
T2/23510002_7th.pdf,11
T2/23510002_8th.pdf,11
T2/23510002_9th.pdf,188
T2/23510005_10th.pdf,189
T2/23510005_1st.pdf,190
T2/23510005_2nd.pdf,191
T2/23510005_3rd.pdf,192
T2/23510005_4th.pdf,193
T2/23510005_5th.pdf,189
T2/23510005_6th.pdf,194
T2/23510005_7th.pdf,195
T2/23510005_8th.pdf,196
T2/23510005_9th.pdf,197
T2/23510006_1st.pdf,198
T2/23510006_2nd.pdf,199
T2/23510006_3rd.pdf,200
T2/23510006_5th.pdf,201
T2/23510006_6th.pdf,202
T2/23510006_7th.pdf,203
T2/23510006_8th.pdf,204
T2/23510006_9th.pdf,205
T2/23510007ML1.pdf,206
T2/23510007ML2.pdf,207
T2/23510007ML3.pdf,208
T2/23510007ML4.pdf,209
T2/23510007ML5.pdf,210
T2/23510007ML6.pdf,211
T2/23510007MLJS1.pdf,212
T2/23510007MLJS2.pdf,213
T2/23510007MLJS3.pdf,214
T2/23510007MLJS4.pdf,215
T2/23510007MLJS5.pdf,216
T2/23510011_10th.pdf,217
T2/23510011_1st.pdf,11
T2/23510011_2nd.pdf,218
T2/23510011_3rd.pdf,38
T2/23510011_4th.pdf,219
T2/23510011_5th.pdf,220
T2/23510011_6th.pdf,220
T2/23510011_7th.pdf,221
T2/23510011_8th.pdf,222
T2/23510011_9th.pdf,220
T2/23510012_10th.pdf,219
T2/23510012_1st.pdf,219
T2/23510012_2nd.pdf,219
T2/23510012_3rd.pdf,219
T2/23510012_4th.pdf,224
T2/23510012_5th.pdf,219
T2/23510002_6th.pdf,225
T2/23510006_4th.pdf,226
T2/23510007MLJS6.pdf,227
T2/23510012_6th.pdf,228
T2/23510019_3rd.pdf,229
T2/23510022_1.pdf,229
T2/23510023_book6.pdf,230
T2/23510012_7th.pdf,231
T2/23510012_8th.pdf,232
T2/23510012_9th.pdf,219
T2/23510017_10th.pdf,233
T2/23510017_1st.pdf,234
T2/23510017_2nd.pdf,235
T2/23510017_3rd.pdf,236
T2/23510017_4th.pdf,233
T2/23510017_5th.pdf,237
T2/23510017_6th.pdf,238
T2/23510017_7th.pdf,239
T2/23510017_8th.pdf,239
T2/23510017_9th.pdf,240
T2/23510019_10th.pdf,241
T2/23510019_1st.pdf,242
T2/23510019_2nd.pdf,243
T2/23510019_4th.pdf,244
T2/23510019_5th.pdf,245
T2/23510019_6th.pdf,241
T2/23510019_7th.pdf,48
T2/23510019_8th.pdf,246
T2/23510019_9th.pdf,247
T2/23510020_10th.pdf,248
T2/23510020_1st.pdf,249
T2/23510020_2nd.pdf,250
T2/23510020_3rd.pdf,251
T2/23510020_4th.pdf,252
T2/23510020_5th.pdf,253
T2/23510020_6th.pdf,254
T2/23510020_7th.pdf,254
T2/23510020_8th.pdf,254
T2/23510020_9th.pdf,233
T2/23510022_10.pdf,255
T2/23510022_11.pdf,256
T2/23510022_2.pdf,257
T2/23510022_3.pdf,258
T2/23510022_4.pdf,259
T2/23510022_5.pdf,260
T2/23510022_6.pdf,261
T2/23510022_7.pdf,262
T2/23510022_8.pdf,263
T2/23510022_9.pdf,264
T2/23510023_book1.pdf,265
T2/23510023_book10.pdf,247
T2/23510023_book2.pdf,266
T2/23510023_book3.pdf,265
T2/23510023_book4.pdf,267
T2/23510023_book5.pdf,247
T3/pdf_10.pdf,268
T3/pdf_2.pdf,268
T3/pdf_3.pdf,268
T3/pdf_4.pdf,268
T3/pdf_5.pdf,268
T3/pdf_6.pdf,268
T3/pdf_7.pdf,268
T3/pdf_8.pdf,268
T3/pdf_9.pdf,268
T3/Prob_odds_log-odds.pdf,269
T3/RAMOBoost_Ranked_Minority_Oversampling_i.pdf,270
T3/schapire-slides.pdf,271
T3/Searching_-_Recall_Precision.pdf,272
T3/SMOTE_1.pdf,273
T3/SMOTE_2.pdf,273
T3/SMOTE_3.pdf,274
T3/Solving_the_class_imbalance_problem_usin.pdf,275
T3/Unit-10.pdf,276
T3/week_12_logistic_0.pdf,277
T3/1.pdf,278
T3/10.pdf,279
T3/11.pdf,280
T3/12.pdf,281
T3/13.pdf,282
T3/14.pdf,283
T3/15.pdf,284
T3/16.pdf,285
T3/17 Probit and Logit Models.pdf,286
T3/17.pdf,283
T3/18.pdf,287
T3/19.pdf,288
T3/1AUC.pdf,289
T3/1ROC.pdf,290
T3/2.pdf,291
T3/20.pdf,292
T3/2001.09636v1.pdf,293
T3/20200429020322e5dac20f58.pdf,294
T3/21.pdf,295
T3/23.pdf,296
T3/24.pdf,297
T3/25.pdf,43
T3/26.pdf,298
T3/27.pdf,299
T3/28.pdf,300
T3/29.pdf,301
T3/2AUC.pdf,302
T3/2ROC.pdf,303
T3/3.pdf,304
T3/30.pdf,301
T3/31.pdf,11
T3/32.pdf,305
T3/33.pdf,306
T3/34.pdf,307
T3/35.pdf,308
T3/36.pdf,309
T3/37.pdf,310
T3/38.pdf,311
T3/3AUC.pdf,312
T3/3ROC.pdf,290
T3/4.pdf,313
T3/40.pdf,314
T3/41.pdf,315
T3/42.pdf,316
T3/43.pdf,236
T3/44.pdf,317
T3/45.pdf,314
T3/46.pdf,318
T3/47.pdf,319
T3/48.pdf,314
T3/49.pdf,320
T3/4AUC.pdf,290
T3/4ROC.pdf,321
T3/5.pdf,322
T3/50.pdf,323
T3/51.pdf,324
T3/52.pdf,325
T3/5ROC.pdf,326
T3/6.pdf,327
T3/6130602d668e7_IJAR-36762.pdf,328
T3/62.pdf,39
T3/63.pdf,40
T3/64.pdf,43
T3/65.pdf,45
T3/66.pdf,47
T3/67.pdf,48
T3/68.pdf,49
T3/69.pdf,27
T3/7.pdf,329
T3/70.pdf,330
T3/71.pdf,2
T3/72.pdf,25
T3/73.pdf,34
T3/8.pdf,278
T3/86999ca207a3bbaf31877ec39bc58a365188.pdf,331
T3/dt-duke.pdf,332
T3/dt-hardvard.pdf,291
T3/dt-iitb.pdf,333
T3/dt-kgp.pdf,334
T3/dt-nevada.pdf,335
T3/dt-purdue.pdf,336
T3/dt-stanford.pdf,337
T3/dt-toronto.pdf,334
T3/fall2013_moore_logistic_probit_regression.pdf,338
T3/im-bu.pdf,334
T3/im-cmi.pdf,339
T3/im-georgia-state.pdf,334
T3/im-niser.pdf,340
T3/jama.2018.norton.guidetostatisticsandmedicine.odds-ratioscurrent-best-practice-and-use.pdf,341
T3/jcc_2022090715424082.pdf,342
T3/L2_basics.pdf,343
T3/lec3eval-criteria.pdf,344
T3/logistic-regression-intro-2021.pdf,345
T3/22.pdf,281
T3/39.pdf,346
T3/5AUC.pdf,347
T3/9.pdf,348
T3/Doc_9.pdf,349
T3/MLENotes2a.pdf,350
T3/pdf_1.pdf,268
T3/accuracy_precision_recall_f1_interpretation.pdf,351
T3/b6888205f8a7ce143b3a97f301618bcb4f1f.pdf,352
T3/Class imbalance.pdf,275
T3/ClassificationSlides.pdf,353
T3/DeMaris-Logistic-regression.pdf,354
T3/Distributed_Synthetic_Minority_Oversampl.pdf,355
T3/Doc_1.pdf,356
T3/Doc_10.pdf,357
T3/Doc_12.pdf,358
T3/Doc_2.pdf,359
T3/Doc_3.pdf,360
T3/Doc_4.pdf,358
T3/Doc_5.pdf,361
T3/Doc_6.pdf,362
T3/Doc_8.pdf,363
T3/On_the_Class_Imbalance_Problem.pdf,270
T3/Oversampling Methods.pdf,364
T3/Oversampling_and_Undersampling_Techniques_1.pdf,270
T3/Oversampling_the_Minority_Class_in_the_F.pdf,365
T3/Paper_30-Machine_Learning_Algorithms.pdf,366
T3/pdf1.pdf,334
T3/pdf10.pdf,334
T3/pdf2.pdf,339
T3/pdf3.pdf,334
T3/pdf4.pdf,367
T3/pdf5.pdf,340
T3/pdf6.pdf,368
T3/pdf7.pdf,368
T3/pdf8.pdf,334
T3/pdf9.pdf,368
T4/Copy of pdf_8_67.pdf,369
T4/Copy of pdf_9.pdf,370
T4/Copy of pdf_9_67.pdf,371
T4/Copy of QIToolkit_ScatterDiagram.pdf,372
T4/Copy of sarima.pdf,373
T4/Copy of Scatterplots.pdf,374
T4/Copy of scatterplots_and_correlation_notes.pdf,261
T4/Copy of Scatter_diagram.pdf,375
T4/Copy of Second.pdf,376
T4/Copy of Seventh.pdf,376
T4/Copy of Sixth.pdf,378
T4/Copy of Ten.pdf,379
T4/Copy of Third.pdf,376
T4/Copy of TI-84 Plus Producing a Scatterplot.pdf,380
T4/Copy of TimeseriesForecastingOfWebTrafficUsingProphetMachineLearningModel.pdf,381
T4/Copy of Time_series_forecasting_using_holt_.pdf,382
T4/Copy of tsa2.pdf,383
T4/Copy of tsa4.pdf,384
T4/ssrn-4446910.pdf,385
T4/stacking3.pdf,252
T4/stacking4.pdf,386
T4/stacking5.pdf,387
T4/stacking6.pdf,388
T4/stacking7.pdf,252
T4/stacking8.pdf,389
T4/Stacking_Features.pdf,390
T4/316-1341-1-PB (1)(1).pdf,391
T4/316-1341-1-PB (1).pdf,391
T4/316-1341-1-PB.pdf,391
T4/Copy of 07_ensembles_notes.pdf,392
T4/Copy of 10EnsembleLearning.pdf,392
T4/Copy of 12251.pdf,393
T4/Copy of 18-444.pdf,132
T4/Copy of 2003.05689v1.pdf,132
T4/Copy of 2007.15745v3.pdf,132
T4/Copy of 2107.05847v3.pdf,132
T4/Copy of 23510074_1.pdf,394
T4/Copy of 23510074_10.pdf,395
T4/Copy of 23510074_11.pdf,396
T4/Copy of 23510074_12.pdf,394
T4/Copy of 23510074_3.pdf,397
T4/Copy of 23510074_4.pdf,398
T4/Copy of 23510074_5.pdf,399
T4/Copy of 23510074_6.pdf,399
T4/Copy of 23510074_8.pdf,400
T4/Copy of 23510074_9.pdf,401
T4/Copy of 2410.22854v2.pdf,132
T4/Copy of 6faccc940e8607c61769a3953b3214461355.pdf,402
T4/Copy of arima.pdf,403
T4/Copy of AutoML_Book_Chapter1.pdf,132
T4/Copy of A_Survey_of_Ensemble_Learning_Concepts_Algorithms_Applications_and_Prospects.pdf,400
T4/Copy of b1.pdf,404
T4/Copy of b10.pdf,22
T4/Copy of b2.pdf,405
T4/Copy of b3.pdf,406
T4/Copy of b4.pdf,407
T4/Copy of b5.pdf,408
T4/Copy of b6.pdf,11
T4/Copy of b7.pdf,409
T4/Copy of b8.pdf,410
T4/Copy of b9.pdf,411
T4/Copy of class16.pdf,383
T4/Copy of Corminboeuf_ChemSci_2016_VolcanoPolt.pdf,412
T4/Copy of CS337-L23-B.pdf,413
T4/Copy of Dialnet-UsingTheStatisticalMachineLearningModelsARIMAAndSA-9037456 (1).pdf,414
T4/Copy of Dialnet-UsingTheStatisticalMachineLearningModelsARIMAAndSA-9037456.pdf,414
T4/Copy of dt0012e.pdf,38
T4/Copy of DV14.pdf,17
T4/Copy of ec2-4.pdf,415
T4/Copy of eg2-1.pdf,416
T4/Copy of Eight.pdf,376
T4/Copy of EnhancedVolcano.pdf,18
T4/Copy of ensemble-learning (1).pdf,417
T4/Copy of Ensemble-Learning.pdf,418
T4/Copy of EnsembleModeling.pdf,419
T4/Copy of Fifth.pdf,420
T4/Copy of First.pdf,376
T4/Copy of Fourth.pdf,376
T4/Copy of ggvolcano.pdf,18
T4/Copy of hw1.pdf,421
T4/Copy of hw2.pdf,422
T4/Copy of hw3.pdf,423
T4/Copy of hw4.pdf,422
T4/Copy of HyperparameterTuninginMachineLearningAComprehensiveReview.pdf,424
T4/Copy of IJNRD2411095.pdf,400
T4/Copy of j.rd.20240504.13.pdf,252
T4/Copy of jmssp.2012.500.505.pdf,425
T4/Copy of 23510074_2.pdf,426
T4/Copy of CS_6735_Research_Project.pdf,427
T4/Copy of L-G-0000614053-0013216863.pdf,428
T4/Copy of Nine.pdf,376
T4/Copy of pdf20.pdf,429
T4/Copy of pdf_10_67.pdf,300
T4/Copy of pdf_8.pdf,430
T4/Copy of lecture13.pdf,431
T4/Copy of Microarray_Lecture_2.pdf,432
T4/Copy of Microsoft PowerPoint - ec2-4 (2025).pptx.pdf,415
T4/Copy of Microsoft Word - jmssp.2012.500.505.pdf,425
T4/Copy of ml_pdf_1.pdf,422
T4/Copy of ml_pdf_10.pdf,433
T4/Copy of ml_pdf_2.pdf,422
T4/Copy of ml_pdf_3.pdf,434
T4/Copy of ml_pdf_4.pdf,384
T4/Copy of ml_pdf_5.pdf,434
T4/Copy of ml_pdf_6.pdf,435
T4/Copy of ml_pdf_8.pdf,436
T4/Copy of ml_pdf_9.pdf,437
T4/Copy of p1.pdf,438
T4/Copy of p1256-li.pdf,132
T4/Copy of p2.pdf,439
T4/Copy of p3.pdf,440
T4/Copy of pdf1.pdf,441
T4/Copy of pdf10.pdf,442
T4/Copy of pdf11.pdf,429
T4/Copy of pdf12.pdf,429
T4/Copy of pdf13.pdf,429
T4/Copy of pdf14.pdf,443
T4/Copy of pdf15.pdf,136
T4/Copy of pdf16.pdf,444
T4/Copy of pdf17.pdf,429
T4/Copy of pdf18.pdf,445
T4/Copy of pdf19.pdf,429
T4/Copy of pdf2.pdf,446
T4/Copy of pdf3.pdf,447
T4/Copy of pdf4.pdf,448
T4/Copy of pdf5.pdf,449
T4/Copy of pdf6.pdf,429
T4/Copy of pdf8.pdf,450
T4/Copy of pdf9.pdf,429
T4/Copy of pdf_01.pdf,451
T4/Copy of pdf_02.pdf,452
T4/Copy of pdf_03.pdf,453
T4/Copy of pdf_04.pdf,454
T4/Copy of pdf_05.pdf,455
T4/Copy of pdf_06.pdf,456
T4/Copy of pdf_08.pdf,457
T4/Copy of pdf_09.pdf,458
T4/Copy of pdf_10(1).pdf,370
T4/Copy of pdf_10.pdf,459
T4/Copy of pdf_11.pdf,370
T4/Copy of pdf_11_67.pdf,460
T4/Copy of pdf_12_67.pdf,461
T4/Copy of pdf_1_67.pdf,462
T4/Copy of pdf_1_histogram.pdf,463
T4/Copy of pdf_2_67.pdf,464
T4/Copy of pdf_2_histogram.pdf,465
T4/Copy of pdf_3_67.pdf,466
T4/Copy of pdf_3_histogram.pdf,467
T4/Copy of pdf_4_67.pdf,468
T4/Copy of pdf_4_general.pdf,370
T4/Copy of pdf_5.pdf,370
T4/Copy of pdf_5_67.pdf,371
T4/Copy of pdf_6.pdf,370
T4/Copy of pdf_6_67.pdf,300
"T5/F distribution _ Properties, proofs, exercises.pdf",469
"T5/F Distribution_ Properties, Applications, Examples.pdf",470
T5/F-Test in Statistics - GeeksforGeeks.pdf,471
T5/File1.pdf,472
T5/File10.pdf,473
T5/File2.pdf,474
T5/File3.pdf,475
T5/File4.pdf,474
T5/File5.pdf,472
T5/File6.pdf,476
T5/File7.pdf,474
T5/File8.pdf,477
T5/File9.pdf,478
T5/FromRootstoLeavesUnderstandingBIRCHClusteringinML-FormattedPaper.pdf,479
T5/GENF.pdf,38
T5/1.pdf,472
T5/10-kmeans_v2.pdf,480
T5/10.pdf,481
T5/11.pdf,482
T5/11LinearModeling.ipynb - Colaboratory.pdf,483
T5/12.pdf,484
T5/1557635784_E11090-e-tarjome.pdf,485
T5/186_hypergeom_17-handout.pdf,486
T5/2.pdf,487
T5/235968.233324.pdf,488
T5/3.pdf,489
T5/37_4_hyprgmytrc_dist.pdf,490
T5/4.2 - The F-Distribution _ STAT 415.pdf,458
T5/4.pdf,491
T5/5.pdf,492
T5/6.pdf,472
T5/ch1.pdf,493
T5/ch10.pdf,494
T5/ch2.pdf,495
T5/ch3.pdf,496
T5/ch4.pdf,497
T5/ch5.pdf,497
T5/ch6.pdf,497
T5/ch7.pdf,494
T5/ch8.pdf,497
T5/ch9.pdf,498
T5/clustering by kmeans .pdf,499
T5/clustering.pdf,500
T5/DBSCAN1.pdf,501
T5/DBSCAN10.pdf,502
T5/DBSCAN2.pdf,503
T5/DBSCAN3.pdf,504
T5/DBSCAN4.pdf,504
T5/DBSCAN5.pdf,504
T5/DBSCAN6.pdf,505
T5/DBSCAN7.pdf,506
T5/DBSCAN8.pdf,502
T5/DBSCAN9.pdf,504
T5/DMDW Unit-5.pdf,507
T5/DMWH M6.pdf,508
T5/document1.pdf,38
T5/f 1.pdf,509
T5/68868.pdf,510
T5/6_2021_03_28!12_29_36_AM.pdf,474
T5/7-1-62-125.pdf,511
T5/7.pdf,512
T5/8.pdf,513
T5/9.pdf,481
T5/article8.pdf,514
T5/bnp_1.pdf,515
T5/bnp_10.pdf,516
T5/bnp_11.pdf,517
T5/bnp_2.pdf,518
T5/bnp_3.pdf,519
T5/bnp_4.pdf,520
T5/bnp_5.pdf,521
T5/bnp_6.pdf,522
T5/bnp_7.pdf,523
T5/bnp_8.pdf,523
T5/bnp_9.pdf,524
T5/622548169.pdf,525
T5/bw_anova_general.pdf,526
"T5/F distribution _ Properties, proofs, exercises 1.pdf",469
T6/LOF_1.pdf,527
T6/LOF_2.pdf,527
T6/LOF_3.pdf,527
T6/p1779-wenig.pdf,123
T6/pdf.pdf,528
T6/PDF1.pdf,534
T6/pdf1.pdf,530
T6/PDF10.pdf,534
T6/pdf10.pdf,531
T6/pdf10_1.pdf,532
T6/pdf1_1.pdf,533
T6/PDF2.pdf,534
T6/pdf2.pdf,531
T6/pdf2_1.pdf,535
T6/PDF3.pdf,536
T6/pdf3.pdf,531
T6/pdf3_1.pdf,537
T6/PDF4.pdf,538
T6/pdf4.pdf,539
T6/pdf4_1.pdf,540
T6/PDF5.pdf,507
T6/pdf5.pdf,541
T6/pdf5_1.pdf,542
T6/PDF6.pdf,534
T6/pdf6.pdf,543
T6/pdf6_1.pdf,544
T6/PDF7.pdf,545
T6/pdf7.pdf,531
T6/pdf7_1.pdf,546
T6/PDF8.pdf,547
T6/pdf8.pdf,548
T6/pdf8_1.pdf,533
T6/PDF9.pdf,549
T6/pdf9.pdf,550
T6/pdf9_1.pdf,551
T6/staerman19a.pdf,552
T6/tkdd11.pdf,553
T6/0264.pdf,123
T6/1.pdf,554
T6/10.pdf,11
T6/10_123.pdf,555
T6/1811.02141v3.pdf,552
T6/1_123.pdf,556
T6/2.pdf,534
T6/2019arXiv_DEEP LEARNING FOR ANOMALY DETECTION- A SURVEY.pdf,123
T6/2403.10802v1.pdf,123
T6/2412.18699v1.pdf,557
T6/2ISCA-RJRS-2012-019.pdf,554
T6/2_123.pdf,558
T6/2_iis_2024_363-378.pdf,557
T6/3.pdf,559
T6/3_123.pdf,560
T6/4.pdf,534
T6/4_123.pdf,561
T6/5_123.pdf,562
nan,534
T6/6.pdf,534
T6/6_123.pdf,563
T6/7.pdf,534
T6/746200a373.pdf,557
T6/7_123.pdf,564
T6/8.pdf,507
T6/8_123.pdf,565
T6/9.pdf,557
T6/9_123.pdf,566
T6/A4_1.pdf,567
T6/A4_2.pdf,527
T6/A4_3.pdf,568
T6/A4_4.pdf,569
T6/A4_5.pdf,570
T6/A4_7.pdf,571
T6/ch5_association_analysis.pdf,538
T6/cross1.pdf,330
T6/cross10.pdf,572
T6/cross2.pdf,49
T6/cross3.pdf,539
T6/cross4.pdf,330
T6/cross5.pdf,573
T6/cross6.pdf,214
T6/cross7.pdf,574
T6/cross9.pdf,575
T6/d53acb0b2f43b2c7eb296a051a476a5a66f2.pdf,576
T6/DEC_671.pdf,557
T6/DM03-AnomalyDetection-V1.pdf,122
T6/document.pdf,557
T6/grue-assoc.pdf,536
T6/icdm08b.pdf,553
T6/JOMMBA.pdf,557
T6/kdtrees10.pdf,562
T6/kdtrees2.pdf,577
T6/kdtrees3.pdf,578
T6/kdtrees4.pdf,579
T6/kdtrees5.pdf,38
T6/kdtrees6.pdf,571
T6/kdtrees7.pdf,580
T6/kdtrees8.pdf,554
T6/5.pdf,534
T6/Ball-tree_10.pdf,581
T6/cross8.pdf,582
T6/kdtrees9.pdf,574
T7/TITLE1.pdf,393
T7/TL.pdf,583
T7/tp10.pdf,584
T7/tp2.pdf,585
T7/tp4.pdf,586
T7/tp5.pdf,587
T7/tp6.pdf,588
T7/tp7.pdf,589
T7/tp8.pdf,662
T7/tp9.pdf,591
T7/tpl3.pdf,584
T7/transfer (v3).pdf,592
T7/TripletLoss.pdf,593
T7/tut01.pdf,594
T7/tut02.pdf,595
T7/tut03.pdf,596
T7/tut04.pdf,597
T7/tut05.pdf,598
T7/tut06.pdf,599
T7/tut07.pdf,600
T7/tut08.pdf,601
T7/tut09.pdf,602
T7/tut10.pdf,603
T7/tut3-tfidf.pdf,604
T7/Tutorial-3-Computing-TF-and-TF-IDF (1).pdf,605
T7/Tutorial-3-Computing-TF-and-TF-IDF.pdf,605
T7/UDRC_RNN_LSTM_LibrariesTutorial.pdf,606
T7/zhou20a.pdf,607
T7/06_LSTMs.pdf,608
T7/1412.6980v9.pdf,609
T7/1512.00242v1.pdf,610
T7/1609.04747v2.pdf,611
T7/1701.05923v1.pdf,612
T7/18085_Project_final.pdf,613
T7/1905.07436v1.pdf,614
T7/1909.09586v1.pdf,658
T7/2007.07989v2.pdf,616
T7/20190624-Optimizer-in-Machine-Learning.pdf,611
T7/22-0068.pdf,607
T7/2208.06677v5.pdf,617
T7/23-0576.pdf,607
T7/2303.01500v2.pdf,617
T7/2404.01436v3.pdf,607
T7/d2l-en.pdf,11
T7/DEEP LEARNING ( R20A06610 ).pdf,11
T7/Deep Learning for Dummies.pdf,11
T7/deep-learning-material-dept-ece-ase-blr-1.pdf,11
T7/Deep.Learning.for.Coders.with.fastai.and.PyTorch.Howard.Gugger.OReilly.9781492045526.EBooksWorld.ir (1).pdf,11
T7/Deep.Learning.for.Coders.with.fastai.and.PyTorch.Howard.Gugger.OReilly.9781492045526.EBooksWorld.ir.pdf,11
T7/deeplearningwithpython.pdf,11
T7/DuyckLeeLei.pdf,619
T7/eisenstein-nov18.pdf,11
T7/foundations_bm25_review.pdf,620
T7/gated-recurrent-units-gru-for-time-series-forecasting-in-higher-education-IJERTV12IS030091.pdf,621
T7/ift-6085-lecture-6-notes.pdf,622
T7/ijeter38892020.pdf,623
T7/Improving_the_efficiency_of_RMSProp_optimizer_by_u.pdf,624
T7/index.pdf,11
T7/introduction-to-natural-language-processing.pdf,625
T7/IntroductiontoSequenceLearningModels.pdf,626
T7/L31.pdf,627
T7/lecture12-bm25etc.pdf,628
T7/lecture6-tfidf-1per.pdf,604
T7/293_A_Simple_Convergence_Proof.pdf,607
T7/43905.pdf,629
T7/AdamOptimizationAlgorithm.pdf,630
T7/applsci-10-01073-v2.pdf,631
T7/autoencoder_1.pdf,632
T7/autoencoder_10.pdf,632
T7/autoencoder_2.pdf,632
T7/autoencoder_3.pdf,632
T7/autoencoder_4.pdf,632
T7/autoencoder_5.pdf,632
T7/autoencoder_6.pdf,632
T7/autoencoder_7.pdf,632
T7/autoencoder_8.pdf,632
T7/autoencoder_9.pdf,632
T7/book_en.pdf,633
T7/lecture_slides_lec6.pdf,634
T7/LSTM.pdf,635
T7/ml1.pdf,636
T7/ml10.pdf,637
T7/ml2.pdf,638
T7/ml3.pdf,639
T7/ml4.pdf,658
T7/ml5.pdf,640
T7/ml6.pdf,641
T7/ml7.pdf,637
T7/ml8.pdf,642
T7/ml9.pdf,643
T7/mukkamala17a.pdf,609
T7/myfile.pdf,11
T7/natural_language_processing_tutorial.pdf,625
T7/NeurIPS-2020-an-improved-analysis-of-stochastic-gradient-descent-with-momentum-Paper.pdf,616
T7/NeurIPS-2022-better-sgd-using-second-order-momentum-Paper-Conference.pdf,607
T7/NIPS-2013-understanding-dropout-Paper.pdf,644
T7/OlahLSTM-NEURAL-NETWORK-TUTORIAL-15.pdf,645
T7/Optimization_2015_11_11.pdf,646
T7/paper17.pdf,647
T7/part 6.pdf,583
T7/Part1.pdf,648
T7/part3.pdf,649
T7/part4.pdf,650
T7/part7.pdf,650
T7/Reading4-NLP.pdf,651
T7/RMSprop_ A Powerful Optimization Algorithm for Neural Networks _ by Ahmet Taşdemir _ Medium.pdf,652
T7/ROOTMEANSQUAREPROPAGATIONRMSPROPHOMEWORK.pdf,630
T7/SGD_Momentum.pdf,653
T7/srivastava14a.pdf,610
T7/T3.pdf,654
T7/2889_rmsprop_converges_with_proper_.pdf,607
T7/chap4.pdf,655
T7/Lecture_9_10_accelerated_GD.pdf,656
T7/NLP_101.pdf,657
T7/the_math_behind_adam_optimizer.pdf,652
T8/Sequence_to_sequence_1.pdf,658
T8/Sequence_to_sequence_10.pdf,658
T8/Sequence_to_sequence_2.pdf,658
T8/Sequence_to_sequence_3.pdf,659
T8/Sequence_to_sequence_4.pdf,658
T8/Sequence_to_sequence_5.pdf,658
T8/Sequence_to_sequence_6.pdf,658
T8/Sequence_to_sequence_7.pdf,658
T8/Sequence_to_sequence_8.pdf,658
T8/Sequence_to_sequence_9.pdf,658
T8/svd.pdf,660
T8/Tokenizer1.pdf,661
T8/Tokenizer2.pdf,662
T8/Tokenizer3.pdf,662
T8/Tokenizer4.pdf,663
T8/Tokenizer5.pdf,662
T8/Tokenizer6.pdf,662
T8/tokenizer7.pdf,664
T8/Tokenizer8.pdf,662
T8/Tokenizer9.pdf,662
T8/Top 4 Sentence Embedding Techniques using Python.pdf,665
T8/toy4-doc (1).pdf,666
T8/W16-1609.pdf,667
T8/yun_teng_nu_cs_2022_13.pdf,668
T8/zhang2017a.pdf,658
T8/1-s2.0-S0933365724002318-main.pdf,393
T8/1-s2.0-S1877050920324431-main.pdf,671
T8/10_ml.pdf,672
T8/12-WordEmbeddings.pdf,673
T8/1405.4053v2.pdf,674
T8/15.pdf,675
T8/16Vol99No8.pdf,676
T8/18lsi.pdf,677
T8/18_dependency-parsing_slides.pdf,675
T8/2014_nips_generation.pdf,678
T8/20210315-weiwang-sentence-embedding.pdf,679
T8/2_ml.pdf,680
T8/3-graph-based-parsing.pdf,675
T8/34370.pdf,675
T8/3_ml.pdf,682
T8/pdf_10.pdf,683
T8/pdf_11.pdf,684
T8/pdf_12.pdf,685
T8/pdf_13.pdf,686
T8/pdf_2.pdf,687
T8/pdf_3.pdf,686
T8/pdf_4.pdf,688
T8/pdf_5.pdf,689
T8/pdf_6.pdf,687
T8/pdf_7.pdf,687
T8/pdf_8.pdf,687
T8/pdf_9.pdf,689
T8/pos1.pdf,690
T8/pos10.pdf,691
T8/pos11.pdf,691
T8/pos2.pdf,691
T8/pos3.pdf,692
T8/pos4.pdf,691
T8/pos5.pdf,691
T8/pos6.pdf,693
T8/pos7.pdf,690
T8/pos8.pdf,694
T8/pos9.pdf,691
T8/Rdoc2vecReport.pdf,695
T8/sent2vec_emnlp2017.pdf,658
T8/4_ml.pdf,682
T8/5_ml.pdf,696
T8/6_ml.pdf,697
T8/7_ml.pdf,682
T8/8-_design_pattern_recommendation_using_doc2vec.pdf,698
T8/8_ml.pdf,699
T8/9_ml.pdf,700
T8/bag_of_words.pdf,701
T8/Computational Intelligence and Neuroscience - 2022 - Zhou - Text Sentiment Analysis Based on a New Hybrid Network Model.pdf,702
T8/cs224n-2019-notes04-dependencyparsing.pdf,675
T8/cs224n-2021-lecture04-dep-parsing.pdf,675
T8/D18-2029.pdf,703
T8/dep-parsing-tb.pdf,675
T8/doc2vec.pdf,193
T8/42979_2021_Article_807.pdf,704
T8/document.pdf,677
T8/file7(1).pdf,705
T8/latent-semantic-analysis-of-textual-data-4ufciuu9dh.pdf,677
T8/pdf_1.pdf,687
T8/Sentence_Vector_Model_Based_on_Implicit_Word_Vecto.pdf,706
T8/Evangelopoulos2013_LatentSemAnalysis.pdf,707
T8/file1(1).pdf,708
T8/file1.pdf,709
T8/file10(1).pdf,393
T8/file10.pdf,393
T8/file11.pdf,712
T8/file12.pdf,713
T8/file2(1).pdf,193
T8/file2.pdf,393
T8/file3(1).pdf,714
T8/file3.pdf,393
T8/file4(1).pdf,715
T8/file4.pdf,393
T8/file5(1).pdf,136
T8/file5.pdf,393
T8/file6(1).pdf,708
T8/file6.pdf,393
T8/file7.pdf,393
T8/file8(1).pdf,716
T8/file8.pdf,717
T8/file9(1).pdf,718
T8/file9.pdf,393
T8/GIAN-SINA-LSA-Maunendra (1).pdf,710
T8/glove1.pdf,135
T8/glove10.pdf,615
T8/glove2.pdf,135
T8/glove3.pdf,681
T8/glove4.pdf,618
T8/glove5.pdf,711
T8/glove6.pdf,393
T8/glove7.pdf,590
T8/glove8.pdf,177
T8/glove9.pdf,699
T8/IJEDR1502143.pdf,677
T8/lec11.pdf,675
T8/lrecstanforddeps_final_final.pdf,675
T8/lsa (1).pdf,529
T8/LSI.pdf,677
T8/mlA4pdf1.pdf,377
T8/mlA4pdf2.pdf,377
T8/mlpdf10.pdf,187
T8/mlpdf3.pdf,669
T8/mlpdf4.pdf,670
T8/mlpdf5.pdf,670
T8/mlpdf6.pdf,223
T8/mlpdf7.pdf,670
T8/mlpdf8.pdf,393
T8/mlpdf9.pdf,670
T8/ml_1.pdf,692
T8/nlp-programming-en-11-depend.pdf,675
T8/paragraph_vector.pdf,674
