Community,Size,Documents
11,22,"T1/The EM Algorithm and Extensions, Second Edition -- Geoffrey J_ McLachlan, Thriyambakam Krishnan(auth_) -- Wiley Series in Probability and Statistics, -- 9780470191606 -- e9a3209826ad39b437667e2b4df231ba -- Anna’s Archive.pdf, T1/Norm10.pdf, T1/pdf5(1).pdf, T2/23510001_3rd.pdf, T2/23510001_5th.pdf, T2/23510002_5th.pdf, T2/23510002_7th.pdf, T2/23510002_8th.pdf, T2/23510011_1st.pdf, T3/31.pdf, T4/Copy of b6.pdf, T6/10.pdf, T7/d2l-en.pdf, T7/DEEP LEARNING ( R20A06610 ).pdf, T7/Deep Learning for Dummies.pdf, T7/deep-learning-material-dept-ece-ase-blr-1.pdf, T7/Deep.Learning.for.Coders.with.fastai.and.PyTorch.Howard.Gugger.OReilly.9781492045526.EBooksWorld.ir (1).pdf, T7/Deep.Learning.for.Coders.with.fastai.and.PyTorch.Howard.Gugger.OReilly.9781492045526.EBooksWorld.ir.pdf, T7/deeplearningwithpython.pdf, T7/eisenstein-nov18.pdf, T7/index.pdf, T7/myfile.pdf"
393,14,"T4/Copy of 12251.pdf, T7/TITLE1.pdf, T8/1-s2.0-S0933365724002318-main.pdf, T8/file10(1).pdf, T8/file10.pdf, T8/file2.pdf, T8/file3.pdf, T8/file4.pdf, T8/file5.pdf, T8/file6.pdf, T8/file7.pdf, T8/file9.pdf, T8/glove6.pdf, T8/mlpdf8.pdf"
658,13,"T7/1909.09586v1.pdf, T7/ml4.pdf, T8/Sequence_to_sequence_1.pdf, T8/Sequence_to_sequence_10.pdf, T8/Sequence_to_sequence_2.pdf, T8/Sequence_to_sequence_4.pdf, T8/Sequence_to_sequence_5.pdf, T8/Sequence_to_sequence_6.pdf, T8/Sequence_to_sequence_7.pdf, T8/Sequence_to_sequence_8.pdf, T8/Sequence_to_sequence_9.pdf, T8/zhang2017a.pdf, T8/sent2vec_emnlp2017.pdf"
268,10,"T3/pdf_10.pdf, T3/pdf_2.pdf, T3/pdf_3.pdf, T3/pdf_4.pdf, T3/pdf_5.pdf, T3/pdf_6.pdf, T3/pdf_7.pdf, T3/pdf_8.pdf, T3/pdf_9.pdf, T3/pdf_1.pdf"
534,10,"T6/PDF1.pdf, T6/PDF10.pdf, T6/PDF2.pdf, T6/PDF6.pdf, T6/2.pdf, T6/4.pdf, nan, T6/6.pdf, T6/7.pdf, T6/5.pdf"
632,10,"T7/autoencoder_1.pdf, T7/autoencoder_10.pdf, T7/autoencoder_2.pdf, T7/autoencoder_3.pdf, T7/autoencoder_4.pdf, T7/autoencoder_5.pdf, T7/autoencoder_6.pdf, T7/autoencoder_7.pdf, T7/autoencoder_8.pdf, T7/autoencoder_9.pdf"
675,10,"T8/15.pdf, T8/18_dependency-parsing_slides.pdf, T8/3-graph-based-parsing.pdf, T8/34370.pdf, T8/cs224n-2019-notes04-dependencyparsing.pdf, T8/cs224n-2021-lecture04-dep-parsing.pdf, T8/dep-parsing-tb.pdf, T8/lec11.pdf, T8/lrecstanforddeps_final_final.pdf, T8/nlp-programming-en-11-depend.pdf"
132,9,"T1/PDF10.pdf, T1/PDF8.pdf, T4/Copy of 18-444.pdf, T4/Copy of 2003.05689v1.pdf, T4/Copy of 2007.15745v3.pdf, T4/Copy of 2107.05847v3.pdf, T4/Copy of 2410.22854v2.pdf, T4/Copy of AutoML_Book_Chapter1.pdf, T4/Copy of p1256-li.pdf"
557,8,"T1/PDF2.pdf, T6/2412.18699v1.pdf, T6/2_iis_2024_363-378.pdf, T6/746200a373.pdf, T6/9.pdf, T6/DEC_671.pdf, T6/document.pdf, T6/JOMMBA.pdf"
334,8,"T3/dt-kgp.pdf, T3/dt-toronto.pdf, T3/im-bu.pdf, T3/im-georgia-state.pdf, T3/pdf1.pdf, T3/pdf10.pdf, T3/pdf3.pdf, T3/pdf8.pdf"
429,8,"T4/Copy of pdf20.pdf, T4/Copy of pdf11.pdf, T4/Copy of pdf12.pdf, T4/Copy of pdf13.pdf, T4/Copy of pdf17.pdf, T4/Copy of pdf19.pdf, T4/Copy of pdf6.pdf, T4/Copy of pdf9.pdf"
38,7,"T1/2915.pdf, T1/Copy of 2915.pdf, T2/23510011_3rd.pdf, T4/Copy of dt0012e.pdf, T5/GENF.pdf, T5/document1.pdf, T6/kdtrees5.pdf"
219,7,"T2/23510011_4th.pdf, T2/23510012_10th.pdf, T2/23510012_1st.pdf, T2/23510012_2nd.pdf, T2/23510012_3rd.pdf, T2/23510012_5th.pdf, T2/23510012_9th.pdf"
376,7,"T4/Copy of Second.pdf, T4/Copy of Seventh.pdf, T4/Copy of Third.pdf, T4/Copy of Eight.pdf, T4/Copy of First.pdf, T4/Copy of Fourth.pdf, T4/Copy of Nine.pdf"
662,7,"T7/tp8.pdf, T8/Tokenizer2.pdf, T8/Tokenizer3.pdf, T8/Tokenizer5.pdf, T8/Tokenizer6.pdf, T8/Tokenizer8.pdf, T8/Tokenizer9.pdf"
607,7,"T7/zhou20a.pdf, T7/22-0068.pdf, T7/23-0576.pdf, T7/2404.01436v3.pdf, T7/293_A_Simple_Convergence_Proof.pdf, T7/NeurIPS-2022-better-sgd-using-second-order-momentum-Paper-Conference.pdf, T7/2889_rmsprop_converges_with_proper_.pdf"
370,6,"T4/Copy of pdf_9.pdf, T4/Copy of pdf_10(1).pdf, T4/Copy of pdf_11.pdf, T4/Copy of pdf_4_general.pdf, T4/Copy of pdf_5.pdf, T4/Copy of pdf_6.pdf"
691,6,"T8/pos10.pdf, T8/pos11.pdf, T8/pos2.pdf, T8/pos4.pdf, T8/pos5.pdf, T8/pos9.pdf"
14,5,"T1/Tutorial-LDA-Balakrishnama.pdf, T1/ychap20.pdf, T1/LDA.pdf, T1/lec11lda.pdf, T1/old_IDAPILecture15.pdf"
123,5,"T1/Outlier-detection-methods-models-classification.pdf, T6/p1779-wenig.pdf, T6/0264.pdf, T6/2019arXiv_DEEP LEARNING FOR ANOMALY DETECTION- A SURVEY.pdf, T6/2403.10802v1.pdf"
677,5,"T8/18lsi.pdf, T8/document.pdf, T8/latent-semantic-analysis-of-textual-data-4ufciuu9dh.pdf, T8/IJEDR1502143.pdf, T8/LSI.pdf"
687,5,"T8/pdf_2.pdf, T8/pdf_6.pdf, T8/pdf_7.pdf, T8/pdf_8.pdf, T8/pdf_1.pdf"
43,4,"T1/5.pdf, T1/Copy of 5.pdf, T3/25.pdf, T3/64.pdf"
46,4,"T1/6_2020_03_11!08_42_48_AM.pdf, T1/Copy of 6_2020_03_11!08_42_48_AM.pdf, T1/MIN_MAX1(1).pdf, T1/MIN_MAX1.pdf"
48,4,"T1/8.pdf, T1/Copy of 8.pdf, T2/23510019_7th.pdf, T3/67.pdf"
49,4,"T1/9.pdf, T1/Copy of 9.pdf, T3/68.pdf, T6/cross2.pdf"
252,4,"T2/23510020_4th.pdf, T4/stacking3.pdf, T4/stacking7.pdf, T4/Copy of j.rd.20240504.13.pdf"
422,4,"T4/Copy of hw2.pdf, T4/Copy of hw4.pdf, T4/Copy of ml_pdf_1.pdf, T4/Copy of ml_pdf_2.pdf"
472,4,"T5/File1.pdf, T5/File5.pdf, T5/1.pdf, T5/6.pdf"
474,4,"T5/File2.pdf, T5/File4.pdf, T5/File7.pdf, T5/6_2021_03_28!12_29_36_AM.pdf"
497,4,"T5/ch4.pdf, T5/ch5.pdf, T5/ch6.pdf, T5/ch8.pdf"
504,4,"T5/DBSCAN3.pdf, T5/DBSCAN4.pdf, T5/DBSCAN5.pdf, T5/DBSCAN9.pdf"
527,4,"T6/LOF_1.pdf, T6/LOF_2.pdf, T6/LOF_3.pdf, T6/A4_2.pdf"
531,4,"T6/pdf10.pdf, T6/pdf2.pdf, T6/pdf3.pdf, T6/pdf7.pdf"
670,4,"T8/mlpdf4.pdf, T8/mlpdf5.pdf, T8/mlpdf7.pdf, T8/mlpdf9.pdf"
18,3,"T1/volcano plot2.pdf, T4/Copy of EnhancedVolcano.pdf, T4/Copy of ggvolcano.pdf"
25,3,"T1/1.pdf, T1/Copy of 1.pdf, T3/72.pdf"
27,3,"T1/10.pdf, T1/Copy of 10.pdf, T3/69.pdf"
34,3,"T1/2.pdf, T1/Copy of 2.pdf, T3/73.pdf"
39,3,"T1/3.pdf, T1/Copy of 3.pdf, T3/62.pdf"
40,3,"T1/4.pdf, T1/Copy of 4.pdf, T3/63.pdf"
45,3,"T1/6.pdf, T1/Copy of 6.pdf, T3/65.pdf"
47,3,"T1/7.pdf, T1/Copy of 7.pdf, T3/66.pdf"
69,3,"T1/Copy of Copy of PDF5.pdf, T1/Copy of PDF5.pdf, T1/PDF5.pdf"
99,3,"T1/MIN_MAX2.pdf, T1/MIN_MAX3pdf.pdf, T1/Norm1.pdf"
136,3,"T1/PDF3 (1).pdf, T4/Copy of pdf15.pdf, T8/file5(1).pdf"
169,3,"T2/23510025_2nd.pdf, T2/23510025_8th.pdf, T2/23510025_9th.pdf"
193,3,"T2/23510005_4th.pdf, T8/doc2vec.pdf, T8/file2(1).pdf"
220,3,"T2/23510011_5th.pdf, T2/23510011_6th.pdf, T2/23510011_9th.pdf"
233,3,"T2/23510017_10th.pdf, T2/23510017_4th.pdf, T2/23510020_9th.pdf"
247,3,"T2/23510019_9th.pdf, T2/23510023_book10.pdf, T2/23510023_book5.pdf"
254,3,"T2/23510020_6th.pdf, T2/23510020_7th.pdf, T2/23510020_8th.pdf"
270,3,"T3/RAMOBoost_Ranked_Minority_Oversampling_i.pdf, T3/On_the_Class_Imbalance_Problem.pdf, T3/Oversampling_and_Undersampling_Techniques_1.pdf"
290,3,"T3/1ROC.pdf, T3/3ROC.pdf, T3/4AUC.pdf"
300,3,"T3/28.pdf, T4/Copy of pdf_10_67.pdf, T4/Copy of pdf_6_67.pdf"
314,3,"T3/40.pdf, T3/45.pdf, T3/48.pdf"
330,3,"T3/70.pdf, T6/cross1.pdf, T6/cross4.pdf"
368,3,"T3/pdf6.pdf, T3/pdf7.pdf, T3/pdf9.pdf"
391,3,"T4/316-1341-1-PB (1)(1).pdf, T4/316-1341-1-PB (1).pdf, T4/316-1341-1-PB.pdf"
400,3,"T4/Copy of 23510074_8.pdf, T4/Copy of A_Survey_of_Ensemble_Learning_Concepts_Algorithms_Applications_and_Prospects.pdf, T4/Copy of IJNRD2411095.pdf"
507,3,"T5/DMDW Unit-5.pdf, T6/PDF5.pdf, T6/8.pdf"
554,3,"T6/1.pdf, T6/2ISCA-RJRS-2012-019.pdf, T6/kdtrees8.pdf"
682,3,"T8/3_ml.pdf, T8/4_ml.pdf, T8/7_ml.pdf"
2,2,"T1/pdf_3_En.pdf, T3/71.pdf"
17,2,"T1/volcano plot1.pdf, T4/Copy of DV14.pdf"
22,2,"T1/zScores_HANDOUT.pdf, T4/Copy of b10.pdf"
23,2,"T1/03-LRT_ErrorTradeoffs_NP.pdf, T1/Copy of 03-LRT_ErrorTradeoffs_NP.pdf"
24,2,"T1/09086816_1_.pdf, T1/Copy of 09086816_1_.pdf"
26,2,"T1/10-EvaluationMetrics.pdf, T1/Copy of 10-EvaluationMetrics.pdf"
28,2,"T1/10037489.pdf, T1/Copy of 10037489.pdf"
29,2,"T1/12em.pdf, T1/Copy of 12em.pdf"
30,2,"T1/1607.03476v2.pdf, T1/Copy of 1607.03476v2.pdf"
31,2,"T1/1811.09763v1.pdf, T1/Copy of 1811.09763v1.pdf"
32,2,"T1/1906.02590v1.pdf, T1/Copy of 1906.02590v1.pdf"
33,2,"T1/1906.07589v1.pdf, T1/Copy of 1906.07589v1.pdf"
35,2,"T1/200961716_May2019.pdf, T1/Copy of 200961716_May2019.pdf"
36,2,"T1/2206.09196v1.pdf, T1/Copy of 2206.09196v1.pdf"
37,2,"T1/2206.09504v1.pdf, T1/Copy of 2206.09504v1.pdf"
41,2,"T1/411notes03.pdf, T1/Copy of 411notes03.pdf"
42,2,"T1/411_brewer.pdf, T1/Copy of 411_brewer.pdf"
44,2,"T1/50482e8cd4e5e382b6691dd5fe8cba05_MITRES_6_012S18_L02AS.pdf, T1/Copy of 50482e8cd4e5e382b6691dd5fe8cba05_MITRES_6_012S18_L02AS.pdf"
50,2,"T1/AI_Com_LDA_Tarek.pdf, T1/Copy of AI_Com_LDA_Tarek.pdf"
51,2,"T1/Alternative-Method-of-outlier-detection.pdf, T1/Copy of Alternative-Method-of-outlier-detection.pdf"
52,2,"T1/Anova.pdf, T1/Copy of Anova.pdf"
53,2,"T1/ANOVA1.pdf, T1/Copy of ANOVA1.pdf"
54,2,"T1/ANOVA2.pdf, T1/Copy of ANOVA2.pdf"
55,2,"T1/ANOVA3.pdf, T1/Copy of ANOVA3.pdf"
56,2,"T1/ANOVA5.pdf, T1/Copy of ANOVA5.pdf"
57,2,"T1/ANOVA6.pdf, T1/Copy of ANOVA6.pdf"
58,2,"T1/ANOVA7.pdf, T1/Copy of ANOVA7.pdf"
59,2,"T1/b08em-handouts.pdf, T1/Copy of b08em-handouts.pdf"
60,2,"T1/BayesTheorem (1).pdf, T1/Copy of BayesTheorem (1).pdf"
61,2,"T1/Chapter 03.pdf, T1/Copy of Chapter 03.pdf"
62,2,"T1/36624c2682b346b07cab3da416b752a7_MIT18_650F16_Maximum_LE.pdf, T1/Copy of 36624c2682b346b07cab3da416b752a7_MIT18_650F16_Maximum_LE.pdf"
63,2,"T1/ANOVA4.pdf, T1/Copy of ANOVA4.pdf"
64,2,"T1/Expectation-Maximization-[Frank-Dellaert].pdf, T1/Copy of Expectation-Maximization-[Frank-Dellaert].pdf"
70,2,"T1/Copy of detecting-outliers-with-iqr.pdf, T1/detecting-outliers-with-iqr.pdf"
71,2,"T1/Copy of ece830_fall11_lecture11.pdf, T1/ece830_fall11_lecture11.pdf"
72,2,"T1/Copy of Elhabian_LDA09.pdf, T1/Elhabian_LDA09.pdf"
73,2,"T1/Copy of EM-BW.pdf, T1/EM-BW.pdf"
74,2,"T1/Copy of em.pdf, T1/em.pdf"
75,2,"T1/Copy of EM_algorithm.pdf, T1/EM_algorithm.pdf"
76,2,"T1/Copy of EvaluationNew-handout-1-per.pdf, T1/EvaluationNew-handout-1-per.pdf"
80,2,"T1/IJCSET14-05-02-064.pdf, T1/JETIR1903116.pdf"
84,2,"T1/lec10.pdf, T1/Lecture22.pdf"
90,2,"T1/lecture10.pdf, T1/multiple1.pdf"
96,2,"T1/LN20_parameters_mle (1).pdf, T1/LN20_parameters_mle.pdf"
112,2,"T1/Myung-2003 (1).pdf, T1/Myung-2003.pdf"
118,2,"T1/Norm8.pdf, T1/Norm9.pdf"
120,2,"T1/o-mle (1).pdf, T1/o-mle.pdf"
122,2,"T1/Outlier-detection-1.pdf, T6/DM03-AnomalyDetection-V1.pdf"
142,2,"T1/PDF6 (1).pdf, T1/PDF9 (1).pdf"
161,2,"T2/23510024_2nd.pdf, T2/23510024_8th.pdf"
168,2,"T2/23510025_10th.pdf, T2/23510025_1st.pdf"
170,2,"T2/23510025_3rd.pdf, T2/23510025_7th.pdf"
185,2,"T2/23510002_2nd.pdf, T2/23510002_3rd.pdf"
189,2,"T2/23510005_10th.pdf, T2/23510005_5th.pdf"
214,2,"T2/23510007MLJS3.pdf, T6/cross6.pdf"
229,2,"T2/23510019_3rd.pdf, T2/23510022_1.pdf"
236,2,"T2/23510017_3rd.pdf, T3/43.pdf"
239,2,"T2/23510017_7th.pdf, T2/23510017_8th.pdf"
241,2,"T2/23510019_10th.pdf, T2/23510019_6th.pdf"
261,2,"T2/23510022_6.pdf, T4/Copy of scatterplots_and_correlation_notes.pdf"
265,2,"T2/23510023_book1.pdf, T2/23510023_book3.pdf"
273,2,"T3/SMOTE_1.pdf, T3/SMOTE_2.pdf"
275,2,"T3/Solving_the_class_imbalance_problem_usin.pdf, T3/Class imbalance.pdf"
278,2,"T3/1.pdf, T3/8.pdf"
281,2,"T3/12.pdf, T3/22.pdf"
283,2,"T3/14.pdf, T3/17.pdf"
291,2,"T3/2.pdf, T3/dt-hardvard.pdf"
301,2,"T3/29.pdf, T3/30.pdf"
339,2,"T3/im-cmi.pdf, T3/pdf2.pdf"
340,2,"T3/im-niser.pdf, T3/pdf5.pdf"
358,2,"T3/Doc_12.pdf, T3/Doc_4.pdf"
371,2,"T4/Copy of pdf_9_67.pdf, T4/Copy of pdf_5_67.pdf"
383,2,"T4/Copy of tsa2.pdf, T4/Copy of class16.pdf"
384,2,"T4/Copy of tsa4.pdf, T4/Copy of ml_pdf_4.pdf"
392,2,"T4/Copy of 07_ensembles_notes.pdf, T4/Copy of 10EnsembleLearning.pdf"
394,2,"T4/Copy of 23510074_1.pdf, T4/Copy of 23510074_12.pdf"
399,2,"T4/Copy of 23510074_5.pdf, T4/Copy of 23510074_6.pdf"
414,2,"T4/Copy of Dialnet-UsingTheStatisticalMachineLearningModelsARIMAAndSA-9037456 (1).pdf, T4/Copy of Dialnet-UsingTheStatisticalMachineLearningModelsARIMAAndSA-9037456.pdf"
415,2,"T4/Copy of ec2-4.pdf, T4/Copy of Microsoft PowerPoint - ec2-4 (2025).pptx.pdf"
425,2,"T4/Copy of jmssp.2012.500.505.pdf, T4/Copy of Microsoft Word - jmssp.2012.500.505.pdf"
434,2,"T4/Copy of ml_pdf_3.pdf, T4/Copy of ml_pdf_5.pdf"
458,2,"T4/Copy of pdf_09.pdf, T5/4.2 - The F-Distribution _ STAT 415.pdf"
469,2,"T5/F distribution _ Properties, proofs, exercises.pdf, T5/F distribution _ Properties, proofs, exercises 1.pdf"
481,2,"T5/10.pdf, T5/9.pdf"
494,2,"T5/ch10.pdf, T5/ch7.pdf"
502,2,"T5/DBSCAN10.pdf, T5/DBSCAN8.pdf"
523,2,"T5/bnp_7.pdf, T5/bnp_8.pdf"
533,2,"T6/pdf1_1.pdf, T6/pdf8_1.pdf"
536,2,"T6/PDF3.pdf, T6/grue-assoc.pdf"
538,2,"T6/PDF4.pdf, T6/ch5_association_analysis.pdf"
539,2,"T6/pdf4.pdf, T6/cross3.pdf"
552,2,"T6/staerman19a.pdf, T6/1811.02141v3.pdf"
553,2,"T6/tkdd11.pdf, T6/icdm08b.pdf"
562,2,"T6/5_123.pdf, T6/kdtrees10.pdf"
571,2,"T6/A4_7.pdf, T6/kdtrees6.pdf"
574,2,"T6/cross7.pdf, T6/kdtrees9.pdf"
583,2,"T7/TL.pdf, T7/part 6.pdf"
584,2,"T7/tp10.pdf, T7/tpl3.pdf"
604,2,"T7/tut3-tfidf.pdf, T7/lecture6-tfidf-1per.pdf"
605,2,"T7/Tutorial-3-Computing-TF-and-TF-IDF (1).pdf, T7/Tutorial-3-Computing-TF-and-TF-IDF.pdf"
609,2,"T7/1412.6980v9.pdf, T7/mukkamala17a.pdf"
610,2,"T7/1512.00242v1.pdf, T7/srivastava14a.pdf"
611,2,"T7/1609.04747v2.pdf, T7/20190624-Optimizer-in-Machine-Learning.pdf"
616,2,"T7/2007.07989v2.pdf, T7/NeurIPS-2020-an-improved-analysis-of-stochastic-gradient-descent-with-momentum-Paper.pdf"
617,2,"T7/2208.06677v5.pdf, T7/2303.01500v2.pdf"
625,2,"T7/introduction-to-natural-language-processing.pdf, T7/natural_language_processing_tutorial.pdf"
630,2,"T7/AdamOptimizationAlgorithm.pdf, T7/ROOTMEANSQUAREPROPAGATIONRMSPROPHOMEWORK.pdf"
637,2,"T7/ml10.pdf, T7/ml7.pdf"
650,2,"T7/part4.pdf, T7/part7.pdf"
652,2,"T7/RMSprop_ A Powerful Optimization Algorithm for Neural Networks _ by Ahmet Taşdemir _ Medium.pdf, T7/the_math_behind_adam_optimizer.pdf"
674,2,"T8/1405.4053v2.pdf, T8/paragraph_vector.pdf"
686,2,"T8/pdf_13.pdf, T8/pdf_3.pdf"
689,2,"T8/pdf_5.pdf, T8/pdf_9.pdf"
690,2,"T8/pos1.pdf, T8/pos7.pdf"
692,2,"T8/pos3.pdf, T8/ml_1.pdf"
699,2,"T8/8_ml.pdf, T8/glove9.pdf"
708,2,"T8/file1(1).pdf, T8/file6(1).pdf"
135,2,"T8/glove1.pdf, T8/glove2.pdf"
377,2,"T8/mlA4pdf1.pdf, T8/mlA4pdf2.pdf"
0,1,T1/pdf_2_MI.pdf
1,1,T1/pdf_3_AIC.pdf
3,1,T1/pdf_3_MI.pdf
4,1,T1/pdf_4_MI.pdf
5,1,T1/q&pvalue1.pdf
6,1,T1/q-lrt.pdf
7,1,T1/stat610-09.pdf
8,1,T1/STAT_513_Lec_06.pdf
9,1,T1/StudentLecture08.pdf
10,1,T1/StudentLecture10.pdf
12,1,"T1/Theory and Use of the EM Algorithm -- Gupta M_R_, Chen Y_ -- 3048279fbe7a13d5447582c2a812a141 -- Anna’s Archive.pdf"
13,1,T1/Topic13.pdf
15,1,T1/Unit-4.pdf
16,1,T1/Unit-5.pdf
19,1,T1/volcano plot3.pdf
20,1,T1/volcano plot4.pdf
21,1,T1/zScore-overview.pdf
65,1,T1/MIN_MAX11.pdf
66,1,T1/Norm5.pdf
67,1,T1/PDF5 (1).pdf
68,1,T1/pdf_2_En.pdf
77,1,T1/exploratory_data_analysis_for_feature_selection_in_machine_learning.pdf
78,1,T1/fpsyg-12-819854.pdf
79,1,T1/Hota-ML-LDF.pdf
81,1,T1/iqr-calculation.pdf
82,1,T1/itmconf_I3cs2023_01007.pdf
83,1,T1/L01_02.pdf
85,1,T1/lec16-slides.pdf
86,1,T1/lect8.pdf
87,1,T1/Lecture-03.pdf
88,1,T1/lecture-12-1.pdf
89,1,T1/lecture-on-zScores.pdf
91,1,T1/Lecture17.pdf
92,1,T1/Lecture8.pdf
93,1,T1/lecture_4_em_paper.pdf
94,1,T1/Likelihood ratios_tutorial.pdf
95,1,T1/LikelihoodRatioTests.pdf
97,1,T1/MIN_MAX10.pdf
98,1,T1/MIN_MAX12.pdf
100,1,T1/MIN_MAX4.pdf
101,1,T1/MIN_MAX5.pdf
102,1,T1/MIN_MAX6.pdf
103,1,T1/MIN_MAX7.pdf
104,1,T1/MIN_MAX8.pdf
105,1,T1/MIN_MAX9.pdf
106,1,T1/ml-em.pdf
107,1,T1/MLE.pdf
108,1,T1/MLENotes1a.pdf
109,1,T1/monitoring-process-Dispersion-with-iqr.pdf
110,1,T1/multiple2.pdf
111,1,T1/multiple3.pdf
113,1,T1/Norm2.pdf
114,1,T1/Norm3.pdf
115,1,T1/Norm4.pdf
116,1,T1/Norm6.pdf
117,1,T1/Norm7.pdf
119,1,T1/notes16_EM.pdf
121,1,T1/ohd.pdf
124,1,T1/outlier-detection-methods.pdf
125,1,T1/p&qvalue2.pdf
126,1,T1/p2114-song.pdf
127,1,T1/PDF1 (1).pdf
128,1,T1/pdf1(1).pdf
129,1,T1/PDF1.pdf
130,1,T1/PDF10 (1).pdf
131,1,T1/pdf10(1).pdf
133,1,T1/PDF2 (1).pdf
134,1,T1/pdf2(1).pdf
137,1,T1/pdf3(1).pdf
138,1,T1/PDF3.pdf
139,1,T1/PDF4 (1).pdf
140,1,T1/pdf4(1).pdf
141,1,T1/PDF4.pdf
143,1,T1/pdf6(1).pdf
144,1,T1/PDF6.pdf
145,1,T1/PDF7 (1).pdf
146,1,T1/pdf7(1).pdf
147,1,T1/PDF7.pdf
148,1,T1/PDF8 (1).pdf
149,1,T1/pdf8(1).pdf
150,1,T1/pdf9(1).pdf
151,1,T1/PDF9.pdf
152,1,T1/pdf_1_AIC.pdf
153,1,T1/pdf_1_En.pdf
154,1,T1/pdf_1_MI.pdf
155,1,T1/pdf_2_AIC.pdf
156,1,T2/23510023_book7.pdf
157,1,T2/23510023_book8.pdf
158,1,T2/23510023_book9.pdf
159,1,T2/23510024_10th.pdf
160,1,T2/23510024_1st.pdf
162,1,T2/23510024_3rd.pdf
163,1,T2/23510024_4th.pdf
164,1,T2/23510024_5th.pdf
165,1,T2/23510024_6th.pdf
166,1,T2/23510024_7th.pdf
167,1,T2/23510024_9th.pdf
171,1,T2/23510025_4th.pdf
172,1,T2/23510025_5th.pdf
173,1,T2/23510025_6th.pdf
174,1,T2/23510001_10th.pdf
175,1,T2/23510001_1st.pdf
176,1,T2/23510001_2nd.pdf
178,1,T2/23510001_4th.pdf
179,1,T2/23510001_6th.pdf
180,1,T2/23510001_7th.pdf
181,1,T2/23510001_8th.pdf
182,1,T2/23510001_9th.pdf
183,1,T2/23510002_10th.pdf
184,1,T2/23510002_1st.pdf
186,1,T2/23510002_4th.pdf
188,1,T2/23510002_9th.pdf
190,1,T2/23510005_1st.pdf
191,1,T2/23510005_2nd.pdf
192,1,T2/23510005_3rd.pdf
194,1,T2/23510005_6th.pdf
195,1,T2/23510005_7th.pdf
196,1,T2/23510005_8th.pdf
197,1,T2/23510005_9th.pdf
198,1,T2/23510006_1st.pdf
199,1,T2/23510006_2nd.pdf
200,1,T2/23510006_3rd.pdf
201,1,T2/23510006_5th.pdf
202,1,T2/23510006_6th.pdf
203,1,T2/23510006_7th.pdf
204,1,T2/23510006_8th.pdf
205,1,T2/23510006_9th.pdf
206,1,T2/23510007ML1.pdf
207,1,T2/23510007ML2.pdf
208,1,T2/23510007ML3.pdf
209,1,T2/23510007ML4.pdf
210,1,T2/23510007ML5.pdf
211,1,T2/23510007ML6.pdf
212,1,T2/23510007MLJS1.pdf
213,1,T2/23510007MLJS2.pdf
215,1,T2/23510007MLJS4.pdf
216,1,T2/23510007MLJS5.pdf
217,1,T2/23510011_10th.pdf
218,1,T2/23510011_2nd.pdf
221,1,T2/23510011_7th.pdf
222,1,T2/23510011_8th.pdf
224,1,T2/23510012_4th.pdf
225,1,T2/23510002_6th.pdf
226,1,T2/23510006_4th.pdf
227,1,T2/23510007MLJS6.pdf
228,1,T2/23510012_6th.pdf
230,1,T2/23510023_book6.pdf
231,1,T2/23510012_7th.pdf
232,1,T2/23510012_8th.pdf
234,1,T2/23510017_1st.pdf
235,1,T2/23510017_2nd.pdf
237,1,T2/23510017_5th.pdf
238,1,T2/23510017_6th.pdf
240,1,T2/23510017_9th.pdf
242,1,T2/23510019_1st.pdf
243,1,T2/23510019_2nd.pdf
244,1,T2/23510019_4th.pdf
245,1,T2/23510019_5th.pdf
246,1,T2/23510019_8th.pdf
248,1,T2/23510020_10th.pdf
249,1,T2/23510020_1st.pdf
250,1,T2/23510020_2nd.pdf
251,1,T2/23510020_3rd.pdf
253,1,T2/23510020_5th.pdf
255,1,T2/23510022_10.pdf
256,1,T2/23510022_11.pdf
257,1,T2/23510022_2.pdf
258,1,T2/23510022_3.pdf
259,1,T2/23510022_4.pdf
260,1,T2/23510022_5.pdf
262,1,T2/23510022_7.pdf
263,1,T2/23510022_8.pdf
264,1,T2/23510022_9.pdf
266,1,T2/23510023_book2.pdf
267,1,T2/23510023_book4.pdf
269,1,T3/Prob_odds_log-odds.pdf
271,1,T3/schapire-slides.pdf
272,1,T3/Searching_-_Recall_Precision.pdf
274,1,T3/SMOTE_3.pdf
276,1,T3/Unit-10.pdf
277,1,T3/week_12_logistic_0.pdf
279,1,T3/10.pdf
280,1,T3/11.pdf
282,1,T3/13.pdf
284,1,T3/15.pdf
285,1,T3/16.pdf
286,1,T3/17 Probit and Logit Models.pdf
287,1,T3/18.pdf
288,1,T3/19.pdf
289,1,T3/1AUC.pdf
292,1,T3/20.pdf
293,1,T3/2001.09636v1.pdf
294,1,T3/20200429020322e5dac20f58.pdf
295,1,T3/21.pdf
296,1,T3/23.pdf
297,1,T3/24.pdf
298,1,T3/26.pdf
299,1,T3/27.pdf
302,1,T3/2AUC.pdf
303,1,T3/2ROC.pdf
304,1,T3/3.pdf
305,1,T3/32.pdf
306,1,T3/33.pdf
307,1,T3/34.pdf
308,1,T3/35.pdf
309,1,T3/36.pdf
310,1,T3/37.pdf
311,1,T3/38.pdf
312,1,T3/3AUC.pdf
313,1,T3/4.pdf
315,1,T3/41.pdf
316,1,T3/42.pdf
317,1,T3/44.pdf
318,1,T3/46.pdf
319,1,T3/47.pdf
320,1,T3/49.pdf
321,1,T3/4ROC.pdf
322,1,T3/5.pdf
323,1,T3/50.pdf
324,1,T3/51.pdf
325,1,T3/52.pdf
326,1,T3/5ROC.pdf
327,1,T3/6.pdf
328,1,T3/6130602d668e7_IJAR-36762.pdf
329,1,T3/7.pdf
331,1,T3/86999ca207a3bbaf31877ec39bc58a365188.pdf
332,1,T3/dt-duke.pdf
333,1,T3/dt-iitb.pdf
335,1,T3/dt-nevada.pdf
336,1,T3/dt-purdue.pdf
337,1,T3/dt-stanford.pdf
338,1,T3/fall2013_moore_logistic_probit_regression.pdf
341,1,T3/jama.2018.norton.guidetostatisticsandmedicine.odds-ratioscurrent-best-practice-and-use.pdf
342,1,T3/jcc_2022090715424082.pdf
343,1,T3/L2_basics.pdf
344,1,T3/lec3eval-criteria.pdf
345,1,T3/logistic-regression-intro-2021.pdf
346,1,T3/39.pdf
347,1,T3/5AUC.pdf
348,1,T3/9.pdf
349,1,T3/Doc_9.pdf
350,1,T3/MLENotes2a.pdf
351,1,T3/accuracy_precision_recall_f1_interpretation.pdf
352,1,T3/b6888205f8a7ce143b3a97f301618bcb4f1f.pdf
353,1,T3/ClassificationSlides.pdf
354,1,T3/DeMaris-Logistic-regression.pdf
355,1,T3/Distributed_Synthetic_Minority_Oversampl.pdf
356,1,T3/Doc_1.pdf
357,1,T3/Doc_10.pdf
359,1,T3/Doc_2.pdf
360,1,T3/Doc_3.pdf
361,1,T3/Doc_5.pdf
362,1,T3/Doc_6.pdf
363,1,T3/Doc_8.pdf
364,1,T3/Oversampling Methods.pdf
365,1,T3/Oversampling_the_Minority_Class_in_the_F.pdf
366,1,T3/Paper_30-Machine_Learning_Algorithms.pdf
367,1,T3/pdf4.pdf
369,1,T4/Copy of pdf_8_67.pdf
372,1,T4/Copy of QIToolkit_ScatterDiagram.pdf
373,1,T4/Copy of sarima.pdf
374,1,T4/Copy of Scatterplots.pdf
375,1,T4/Copy of Scatter_diagram.pdf
378,1,T4/Copy of Sixth.pdf
379,1,T4/Copy of Ten.pdf
380,1,T4/Copy of TI-84 Plus Producing a Scatterplot.pdf
381,1,T4/Copy of TimeseriesForecastingOfWebTrafficUsingProphetMachineLearningModel.pdf
382,1,T4/Copy of Time_series_forecasting_using_holt_.pdf
385,1,T4/ssrn-4446910.pdf
386,1,T4/stacking4.pdf
387,1,T4/stacking5.pdf
388,1,T4/stacking6.pdf
389,1,T4/stacking8.pdf
390,1,T4/Stacking_Features.pdf
395,1,T4/Copy of 23510074_10.pdf
396,1,T4/Copy of 23510074_11.pdf
397,1,T4/Copy of 23510074_3.pdf
398,1,T4/Copy of 23510074_4.pdf
401,1,T4/Copy of 23510074_9.pdf
402,1,T4/Copy of 6faccc940e8607c61769a3953b3214461355.pdf
403,1,T4/Copy of arima.pdf
404,1,T4/Copy of b1.pdf
405,1,T4/Copy of b2.pdf
406,1,T4/Copy of b3.pdf
407,1,T4/Copy of b4.pdf
408,1,T4/Copy of b5.pdf
409,1,T4/Copy of b7.pdf
410,1,T4/Copy of b8.pdf
411,1,T4/Copy of b9.pdf
412,1,T4/Copy of Corminboeuf_ChemSci_2016_VolcanoPolt.pdf
413,1,T4/Copy of CS337-L23-B.pdf
416,1,T4/Copy of eg2-1.pdf
417,1,T4/Copy of ensemble-learning (1).pdf
418,1,T4/Copy of Ensemble-Learning.pdf
419,1,T4/Copy of EnsembleModeling.pdf
420,1,T4/Copy of Fifth.pdf
421,1,T4/Copy of hw1.pdf
423,1,T4/Copy of hw3.pdf
424,1,T4/Copy of HyperparameterTuninginMachineLearningAComprehensiveReview.pdf
426,1,T4/Copy of 23510074_2.pdf
427,1,T4/Copy of CS_6735_Research_Project.pdf
428,1,T4/Copy of L-G-0000614053-0013216863.pdf
430,1,T4/Copy of pdf_8.pdf
431,1,T4/Copy of lecture13.pdf
432,1,T4/Copy of Microarray_Lecture_2.pdf
433,1,T4/Copy of ml_pdf_10.pdf
435,1,T4/Copy of ml_pdf_6.pdf
436,1,T4/Copy of ml_pdf_8.pdf
437,1,T4/Copy of ml_pdf_9.pdf
438,1,T4/Copy of p1.pdf
439,1,T4/Copy of p2.pdf
440,1,T4/Copy of p3.pdf
441,1,T4/Copy of pdf1.pdf
442,1,T4/Copy of pdf10.pdf
443,1,T4/Copy of pdf14.pdf
444,1,T4/Copy of pdf16.pdf
445,1,T4/Copy of pdf18.pdf
446,1,T4/Copy of pdf2.pdf
447,1,T4/Copy of pdf3.pdf
448,1,T4/Copy of pdf4.pdf
449,1,T4/Copy of pdf5.pdf
450,1,T4/Copy of pdf8.pdf
451,1,T4/Copy of pdf_01.pdf
452,1,T4/Copy of pdf_02.pdf
453,1,T4/Copy of pdf_03.pdf
454,1,T4/Copy of pdf_04.pdf
455,1,T4/Copy of pdf_05.pdf
456,1,T4/Copy of pdf_06.pdf
457,1,T4/Copy of pdf_08.pdf
459,1,T4/Copy of pdf_10.pdf
460,1,T4/Copy of pdf_11_67.pdf
461,1,T4/Copy of pdf_12_67.pdf
462,1,T4/Copy of pdf_1_67.pdf
463,1,T4/Copy of pdf_1_histogram.pdf
464,1,T4/Copy of pdf_2_67.pdf
465,1,T4/Copy of pdf_2_histogram.pdf
466,1,T4/Copy of pdf_3_67.pdf
467,1,T4/Copy of pdf_3_histogram.pdf
468,1,T4/Copy of pdf_4_67.pdf
470,1,"T5/F Distribution_ Properties, Applications, Examples.pdf"
471,1,T5/F-Test in Statistics - GeeksforGeeks.pdf
473,1,T5/File10.pdf
475,1,T5/File3.pdf
476,1,T5/File6.pdf
477,1,T5/File8.pdf
478,1,T5/File9.pdf
479,1,T5/FromRootstoLeavesUnderstandingBIRCHClusteringinML-FormattedPaper.pdf
480,1,T5/10-kmeans_v2.pdf
482,1,T5/11.pdf
483,1,T5/11LinearModeling.ipynb - Colaboratory.pdf
484,1,T5/12.pdf
485,1,T5/1557635784_E11090-e-tarjome.pdf
486,1,T5/186_hypergeom_17-handout.pdf
487,1,T5/2.pdf
488,1,T5/235968.233324.pdf
489,1,T5/3.pdf
490,1,T5/37_4_hyprgmytrc_dist.pdf
491,1,T5/4.pdf
492,1,T5/5.pdf
493,1,T5/ch1.pdf
495,1,T5/ch2.pdf
496,1,T5/ch3.pdf
498,1,T5/ch9.pdf
499,1,T5/clustering by kmeans .pdf
500,1,T5/clustering.pdf
501,1,T5/DBSCAN1.pdf
503,1,T5/DBSCAN2.pdf
505,1,T5/DBSCAN6.pdf
506,1,T5/DBSCAN7.pdf
508,1,T5/DMWH M6.pdf
509,1,T5/f 1.pdf
510,1,T5/68868.pdf
511,1,T5/7-1-62-125.pdf
512,1,T5/7.pdf
513,1,T5/8.pdf
514,1,T5/article8.pdf
515,1,T5/bnp_1.pdf
516,1,T5/bnp_10.pdf
517,1,T5/bnp_11.pdf
518,1,T5/bnp_2.pdf
519,1,T5/bnp_3.pdf
520,1,T5/bnp_4.pdf
521,1,T5/bnp_5.pdf
522,1,T5/bnp_6.pdf
524,1,T5/bnp_9.pdf
525,1,T5/622548169.pdf
526,1,T5/bw_anova_general.pdf
528,1,T6/pdf.pdf
530,1,T6/pdf1.pdf
532,1,T6/pdf10_1.pdf
535,1,T6/pdf2_1.pdf
537,1,T6/pdf3_1.pdf
540,1,T6/pdf4_1.pdf
541,1,T6/pdf5.pdf
542,1,T6/pdf5_1.pdf
543,1,T6/pdf6.pdf
544,1,T6/pdf6_1.pdf
545,1,T6/PDF7.pdf
546,1,T6/pdf7_1.pdf
547,1,T6/PDF8.pdf
548,1,T6/pdf8.pdf
549,1,T6/PDF9.pdf
550,1,T6/pdf9.pdf
551,1,T6/pdf9_1.pdf
555,1,T6/10_123.pdf
556,1,T6/1_123.pdf
558,1,T6/2_123.pdf
559,1,T6/3.pdf
560,1,T6/3_123.pdf
561,1,T6/4_123.pdf
563,1,T6/6_123.pdf
564,1,T6/7_123.pdf
565,1,T6/8_123.pdf
566,1,T6/9_123.pdf
567,1,T6/A4_1.pdf
568,1,T6/A4_3.pdf
569,1,T6/A4_4.pdf
570,1,T6/A4_5.pdf
572,1,T6/cross10.pdf
573,1,T6/cross5.pdf
575,1,T6/cross9.pdf
576,1,T6/d53acb0b2f43b2c7eb296a051a476a5a66f2.pdf
577,1,T6/kdtrees2.pdf
578,1,T6/kdtrees3.pdf
579,1,T6/kdtrees4.pdf
580,1,T6/kdtrees7.pdf
581,1,T6/Ball-tree_10.pdf
582,1,T6/cross8.pdf
585,1,T7/tp2.pdf
586,1,T7/tp4.pdf
587,1,T7/tp5.pdf
588,1,T7/tp6.pdf
589,1,T7/tp7.pdf
591,1,T7/tp9.pdf
592,1,T7/transfer (v3).pdf
593,1,T7/TripletLoss.pdf
594,1,T7/tut01.pdf
595,1,T7/tut02.pdf
596,1,T7/tut03.pdf
597,1,T7/tut04.pdf
598,1,T7/tut05.pdf
599,1,T7/tut06.pdf
600,1,T7/tut07.pdf
601,1,T7/tut08.pdf
602,1,T7/tut09.pdf
603,1,T7/tut10.pdf
606,1,T7/UDRC_RNN_LSTM_LibrariesTutorial.pdf
608,1,T7/06_LSTMs.pdf
612,1,T7/1701.05923v1.pdf
613,1,T7/18085_Project_final.pdf
614,1,T7/1905.07436v1.pdf
619,1,T7/DuyckLeeLei.pdf
620,1,T7/foundations_bm25_review.pdf
621,1,T7/gated-recurrent-units-gru-for-time-series-forecasting-in-higher-education-IJERTV12IS030091.pdf
622,1,T7/ift-6085-lecture-6-notes.pdf
623,1,T7/ijeter38892020.pdf
624,1,T7/Improving_the_efficiency_of_RMSProp_optimizer_by_u.pdf
626,1,T7/IntroductiontoSequenceLearningModels.pdf
627,1,T7/L31.pdf
628,1,T7/lecture12-bm25etc.pdf
629,1,T7/43905.pdf
631,1,T7/applsci-10-01073-v2.pdf
633,1,T7/book_en.pdf
634,1,T7/lecture_slides_lec6.pdf
635,1,T7/LSTM.pdf
636,1,T7/ml1.pdf
638,1,T7/ml2.pdf
639,1,T7/ml3.pdf
640,1,T7/ml5.pdf
641,1,T7/ml6.pdf
642,1,T7/ml8.pdf
643,1,T7/ml9.pdf
644,1,T7/NIPS-2013-understanding-dropout-Paper.pdf
645,1,T7/OlahLSTM-NEURAL-NETWORK-TUTORIAL-15.pdf
646,1,T7/Optimization_2015_11_11.pdf
647,1,T7/paper17.pdf
648,1,T7/Part1.pdf
649,1,T7/part3.pdf
651,1,T7/Reading4-NLP.pdf
653,1,T7/SGD_Momentum.pdf
654,1,T7/T3.pdf
655,1,T7/chap4.pdf
656,1,T7/Lecture_9_10_accelerated_GD.pdf
657,1,T7/NLP_101.pdf
659,1,T8/Sequence_to_sequence_3.pdf
660,1,T8/svd.pdf
661,1,T8/Tokenizer1.pdf
663,1,T8/Tokenizer4.pdf
664,1,T8/tokenizer7.pdf
665,1,T8/Top 4 Sentence Embedding Techniques using Python.pdf
666,1,T8/toy4-doc (1).pdf
667,1,T8/W16-1609.pdf
668,1,T8/yun_teng_nu_cs_2022_13.pdf
671,1,T8/1-s2.0-S1877050920324431-main.pdf
672,1,T8/10_ml.pdf
673,1,T8/12-WordEmbeddings.pdf
676,1,T8/16Vol99No8.pdf
678,1,T8/2014_nips_generation.pdf
679,1,T8/20210315-weiwang-sentence-embedding.pdf
680,1,T8/2_ml.pdf
683,1,T8/pdf_10.pdf
684,1,T8/pdf_11.pdf
685,1,T8/pdf_12.pdf
688,1,T8/pdf_4.pdf
693,1,T8/pos6.pdf
694,1,T8/pos8.pdf
695,1,T8/Rdoc2vecReport.pdf
696,1,T8/5_ml.pdf
697,1,T8/6_ml.pdf
698,1,T8/8-_design_pattern_recommendation_using_doc2vec.pdf
700,1,T8/9_ml.pdf
701,1,T8/bag_of_words.pdf
702,1,T8/Computational Intelligence and Neuroscience - 2022 - Zhou - Text Sentiment Analysis Based on a New Hybrid Network Model.pdf
703,1,T8/D18-2029.pdf
704,1,T8/42979_2021_Article_807.pdf
705,1,T8/file7(1).pdf
706,1,T8/Sentence_Vector_Model_Based_on_Implicit_Word_Vecto.pdf
707,1,T8/Evangelopoulos2013_LatentSemAnalysis.pdf
709,1,T8/file1.pdf
712,1,T8/file11.pdf
713,1,T8/file12.pdf
714,1,T8/file3(1).pdf
715,1,T8/file4(1).pdf
716,1,T8/file8(1).pdf
717,1,T8/file8.pdf
718,1,T8/file9(1).pdf
710,1,T8/GIAN-SINA-LSA-Maunendra (1).pdf
615,1,T8/glove10.pdf
681,1,T8/glove3.pdf
618,1,T8/glove4.pdf
711,1,T8/glove5.pdf
590,1,T8/glove7.pdf
177,1,T8/glove8.pdf
529,1,T8/lsa (1).pdf
187,1,T8/mlpdf10.pdf
669,1,T8/mlpdf3.pdf
223,1,T8/mlpdf6.pdf
