Doc_ID,Top_Terms
0,"survives, bee, owing, xin, irrespective"
1,"ssw, msw, noncentrality, msa, withy"
2,"abline, parabola, maximizer, ylim, calibrate"
3,"dyk, cram, informatio, iscussion, purdue"
4,"conditio, fontsize, sectio, emi, baye"
5,"dyk, aarts, accompany, aitken, alexan"
6,"dyk, alternated, folk, meme, petrie"
7,"guilty, innocent, screens, ghost, charged"
8,"fukunaga, regio, havel, hardy, forl"
9,"distributive, undertake, colours, defectives, suffering"
10,"alternated, risen, undergoing, airport, alteration"
11,"afore, bubbles, cough, esc, inset"
12,"npc, connectors, wickham, roxygennote, volcano"
13,"xlsx, dsp, svg, fonts, loads"
14,"biopsy, cylindrical, ggplot, gument, pvalues"
15,"scatters, setosa, semidefinite, universidade, polytechnic"
16,"pie, quotient, regards, aka, scored"
17,"mz, traveled, obtainable, earned, miles"
18,"ocw, opencourseware, poiss, interlude, lln"
19,"interlude, functionlogit, equivalents, statlog, toa"
20,"messier, ferentiable, heated, immedi, mckean"
21,"lifetimes, bayesians, biosci, buses, captain"
22,"choppy, christie, cinematography, couch, hokey"
23,"ocw, opencourseware, occ, flying, occu"
24,"hackernoon, theprobability, democrat, taller, lived"
25,"openings, printf, stdio, newmax, newmin"
26,"toyi, pointxi, thecost, withyi, labelsyi"
27,"bisects, bitrarily, borrowers, correlat, cylinders"
28,"yilog, ypred, ytrue, harshly, odisha"
29,"arinen, beni, frankfurt, hassanien, honda"
30,"ctively, equivariant, erefore, ernative, obt"
31,"martial, cereal, therapies, datta, lsd"
32,"deem, nematode, planting, reminders, smax"
33,"ssw, planting, awith, betweenf, complaints"
34,"qg, moghaddam, adma, asgd, exj"
35,"colormap, contourf, suv, iloc, meshgrid"
36,"inconsequential, ret, punishes, jaime, abysmal"
37,"toussaint, surprises, logq, nll, huffman"
38,"abnormally, chies, cordeiro, ilof, kifer"
39,"eliho, ame, climbing, ete, logl"
40,"ablating, berkeleyvision, blaschko, clamp, envelopes"
41,"afore, bto, cessive, culotta, lun"
42,"hassanien, aydin, berghe, crowley, ernie"
43,"cloth, scriptor, radlinski, schwing, arandjelovic"
44,"logr, betweenf, functiony, alculating, alculation"
45,"arisen, glmms, huberty, krzanowski, longitudi"
46,"krishnaiah, larson, risen, marron, blems"
47,"amax, nms, alculating, alculation, alch"
48,"ectation, totically, ctively, eliho, accoun"
49,"biostatistical, cautioned, confirmation, ameri, ankle"
50,"bacterial, nationality, randomisation, ascribable, aptitude"
51,"ssm, yik, bulbs, photocopying, beds"
52,"furnish, potato, xih, ascribable, salesmen"
53,"intracluster, ameters, arameters, likelihoo, petr"
54,"transmitter, americans, prison, smokers, gallup"
55,"cursory, degroot, poiss, bayesians, esian"
56,"adma, schu, aloi, bauder, bisquare"
57,"inadequacies, absorption, confidentiality, manish, peculiarity"
58,"nowak, hth, pfa, yty, coates"
59,"xwhere, thewithin, iss, llll, maxarg"
60,"meme, nucleotide, mers, elicitation, unsolvable"
61,"gvu, logf, computep, letz, wik"
62,"ared, demp, eiss, hardie, secant"
63,"approximator, lnp, variablez, csc, grosse"
64,"tangency, totically, slutsky, ante, distinctiveness"
65,"crashed, crashing, msu, retirement, defectives"
66,"worried, enemy, vecchi, alvarez, decomposable"
67,"shore, swim, sanders, figured, thankfully"
68,"theprobability, objections, storey, wecan, digression"
69,"iyi, wake, noninformative, critics, mators"
70,"nator, autumn, locus, hardy, antigen"
71,"llll, xxs, classy, olga, mda"
72,"petrie, segal, heredity, nucleotide, keller"
73,"distractor, albers, categorise, kiado, murder"
74,"logb, flipped, loga, deviances, gg"
75,"likelihoodfunction, pxi, trickier, practicing, lisa"
76,"likelihoodfunction, pxi, trickier, practicing, lisa"
77,"openings, printf, stdio, newmax, newmin"
78,"openings, printf, stdio, newmax, newmin"
79,"normalising, eir, amidst, auroc, incentives"
80,"logr, biopsy, dara, ecol, pada"
81,"larose, burlington, chloride, cortez, sherlock"
82,"bse, enrolment, gopal, icacci, karthikeyan"
83,"bse, enrolment, gopal, icacci, shaaban"
84,"nonpositive, pablo, amanda, yeo, cookbook"
85,"wolfinger, usp, babenko, henrique, keller"
86,"collocations, dives, empowers, inaccurately, niche"
87,"exponents, suppresses, infrequently, reflection, kmeans"
88,"hinkley, approvals, artifi, fiers, impure"
89,"maxa, mina, yong, youth, singleton"
90,"instagram, dubey, governing, ig, algori"
91,"logf, sanford, zeger, distributive, slutsky"
92,"irls, ugly, berndt, lnl, reparameterization"
93,"interlude, functionlogit, equivalents, statlog, toa"
94,"nowak, cosmic, rnp, terrestrial, xts"
95,"doesnot, thelabels, theother, theoutput, uploading"
96,"srss, flinger, notz, mastered, mindrila"
97,"hides, graded, critique, prec, ndcg"
98,"thewithin, froms, guangliang, faraway, thetotal"
99,"furnish, miranda, reprinted, uy, zhejiang"
100,"generalises, byn, maximises, ordinates, ellipses"
101,"dillon, elliptically, empire, priced, tangency"
102,"tangency, landing, storey, guilty, innocent"
103,"mislabeling, jordon, blur, grubb, telecom"
104,"thanr, vercruyssen, manish, thedistance, keller"
105,"discerned, unification, maya, suspicions, moa"
106,"pvalues, storey, borg, institutes, bass"
107,"leptokurtic, figur, ameri, affordable, bartz"
108,"larson, metabolic, maxiter, lacked, patcog"
109,"wavelengths, nir, dimensionless, unstandardized, loadings"
110,"xwhere, keerthi, maining, niche, impure"
111,"moustafa, arn, atif, dogan, films"
112,"pentland, axi, watches, ism, jane"
113,"eterized, horwood, agglomeration, backed, complementarity"
114,"kute, libreoffice, mitu, mituskillologies, skillologies"
115,"svds, modelin, northwest, skinny, zeyuan"
116,"attenuation, consequential, complaints, attainment, overwhelmed"
117,"bacterial, sist, soni, bashir, iosr"
118,"distributive, visualising, setosa, generalises, normalising"
119,"aitken, suppressed, bristol, clo, figuration"
120,"mckelvey, bedrooms, exponentiated, ideology, jakulin"
121,"multiway, schafer, mmm, dislike, magazines"
122,"welsh, equivariant, dms, erg, infinitesimal"
123,"unintended, taxes, motive, recurrently, subclusters"
124,"messier, ferentiable, heated, immedi, mckean"
125,"lifetimes, bayesians, biosci, buses, captain"
126,"choppy, christie, cinematography, couch, hokey"
127,"ocw, opencourseware, occ, flying, occu"
128,"hackernoon, theprobability, democrat, taller, lived"
129,"openings, printf, stdio, newmax, newmin"
130,"toyi, pointxi, thecost, withyi, labelsyi"
131,"bisects, bitrarily, borrowers, correlat, cylinders"
132,"yilog, ypred, ytrue, harshly, odisha"
133,"arinen, beni, frankfurt, hassanien, honda"
134,"ctively, equivariant, erefore, ernative, obt"
135,"martial, cereal, therapies, datta, lsd"
136,"deem, nematode, planting, reminders, smax"
137,"ssw, planting, awith, betweenf, complaints"
138,"srss, flinger, notz, mastered, mindrila"
139,"biostatistical, cautioned, confirmation, ameri, ankle"
140,"bacterial, nationality, randomisation, ascribable, aptitude"
141,"ssm, yik, bulbs, photocopying, beds"
142,"furnish, potato, xih, ascribable, salesmen"
143,"intracluster, ameters, arameters, likelihoo, petr"
144,"transmitter, americans, prison, smokers, gallup"
145,"cursory, degroot, poiss, bayesians, esian"
146,"gvu, demp, dellaert, ster, incom"
147,"adma, schu, aloi, bauder, bisquare"
148,"inadequacies, absorption, confidentiality, manish, peculiarity"
149,"nowak, hth, pfa, yty, coates"
150,"xwhere, thewithin, iss, llll, maxarg"
151,"meme, nucleotide, mers, elicitation, unsolvable"
152,"gvu, logf, computep, letz, wik"
153,"ared, demp, eiss, hardie, secant"
154,"hides, graded, critique, prec, ndcg"
155,"gvu, demp, dellaert, ster, incom"
156,"nationality, seaborn, exec, historic, nationalities"
157,"kannan, bauder, undisclosed, aoms, comme"
158,"magenta, singly, wtx, hyderabad, pseudoinverse"
159,"ators, bmj, fictional, indic, hodges"
160,"ql, edi, mf, mol, iqr"
161,"seidel, irreversible, butterworth, downey, filt"
162,"undisclosed, howell, fictional, judd, larized"
163,"folk, suburban, ono, vaccine, zw"
164,"scatters, ycan, dfg, grace, criminant"
165,"scrutiny, autumn, lln, hardy, materially"
166,"adma, schu, aloi, bauder, bisquare"
167,"thedistance, minmaxscaler, usingthe, adecision, anode"
168,"wellesley, blems, samplings, sherlock, oise"
169,"brownlee, pointxi, xid, zomeren, marron"
170,"conditio, arisen, franco, yew, cylindrical"
171,"awith, eigenval, ato, inrn, pdp"
172,"sectio, geert, ernative, toussaint, esian"
173,"defensive, leaning, simoudis, unprocessed, xss"
174,"vandewalle, automat, congruence, ptb, qty"
175,"ablating, babenko, junjie, aloi, pablo"
176,"thedistance, minmaxscaler, usingthe, adecision, anode"
177,"nurse, bananas, cans, dale, hyperspace"
178,"warranties, auroc, inthissection, usingthe, confusions"
179,"fictional, hth, tru, narrowly, forwards"
180,"thanr, renyi, amined, degli, plementation"
181,"leaking, cryptographic, internship, securely, semiconductor"
182,"mendelson, splice, thyroid, zien, coinciding"
183,"lnp, landing, ipi, theerror, thekth"
184,"tistically, narayan, securely, andz, bialek"
185,"draper, kiado, dgp, superficially, foregoing"
186,"aarts, brisbane, travelling, absorbing, announce"
187,"sensed, sist, tirely, istration, multimodality"
188,"dillon, tighten, smile, bialek, isit"
189,"nowak, cosmic, rnp, terrestrial, xts"
190,"qg, moghaddam, adma, asgd, exj"
191,"colormap, contourf, suv, iloc, meshgrid"
192,"inconsequential, ret, punishes, jaime, abysmal"
193,"toussaint, surprises, logq, nll, huffman"
194,"abnormally, chies, cordeiro, ilof, kifer"
195,"eliho, ame, climbing, ete, logl"
196,"ablating, berkeleyvision, blaschko, clamp, envelopes"
197,"afore, bto, cessive, culotta, lun"
198,"hassanien, aydin, berghe, crowley, ernie"
199,"cloth, scriptor, radlinski, schwing, arandjelovic"
200,"logr, betweenf, functiony, alculating, alculation"
201,"arisen, glmms, huberty, krzanowski, longitudi"
202,"krishnaiah, larson, risen, marron, blems"
203,"amax, nms, alculating, alculation, alch"
204,"ectation, totically, ctively, eliho, accoun"
205,"doesnot, thelabels, theother, theoutput, uploading"
206,"ocw, opencourseware, poiss, interlude, lln"
207,"westfall, dudoit, wording, rejective, resampled"
208,"janssen, wake, albers, objectivity, reform"
209,"westfall, wolfinger, kane, correlational, significan"
210,"degroot, gelatt, repertoire, maxiter, sayw"
211,"degroot, gelatt, repertoire, maxiter, sayw"
212,"bse, enrolment, gopal, icacci, shaaban"
213,"davenport, dlog, logk, maya, phrased"
214,"nrr, solla, ummary, equivariant, arandjelovic"
215,"hebert, martial, junjie, kopf, rectifiers"
216,"mination, scorer, aptitude, ansari, supposing"
217,"jacobians, pinned, larized, hthat, renormalization"
218,"occurences, resem, itm, leaning, interpolates"
219,"amaratunga, normalising, snp, modelw, percents"
220,"denormalization, crosstab, participates, reflexive, derivable"
221,"denormalization, crosstab, participates, reflexive, derivable"
222,"tues, elbo, chord, pillow, inequal"
223,"ssw, nobservations, rthe, specimens, tbe"
224,"ssw, nobservations, rthe, specimens, tbe"
225,"aat, diago, uti, simpli, mles"
226,"unaltered, laptops, funnel, rudimentary, unaccounted"
227,"quandt, christie, leptokurtic, xts, davies"
228,"draper, glmms, overdispersion, wolfinger, mckelvey"
229,"maddala, vos, mckelvey, shoemaker, auser"
230,"nrr, westfall, arcsin, albers, rnp"
231,"misconception, speculate, mckean, pesticide, istration"
232,"draper, thanr, attributing, louvain, universitaires"
233,"accompany, geert, priced, sanford, undertake"
234,"maddala, lockhart, exactness, mcfadden, zb"
235,"huberty, johnstone, larson, olejnik, distress"
236,"nrr, westfall, arcsin, albers, rnp"
237,"gelatt, bilateral, supermarkets, splice, scanner"
238,"ress, nonconstant, arbitrariness, hoaglin, hij"
239,"ress, nonconstant, arbitrariness, hoaglin, hij"
240,"exerts, kms, spacex, pend, vy"
241,"guangliang, cjj, cooks, dffits, sxx"
242,"ggplot, xnp, cooks, jand, abline"
243,"inadequacies, cooks, dffits, abline, rownames"
244,"elliptically, fertility, sanford, localities, stantial"
245,"guangliang, cjj, cooks, dffits, sxx"
246,"exerts, kms, spacex, pend, vy"
247,"exerts, dffits, shalabh, kms, dfbetas"
248,"diesel, specimens, devore, corrosion, divisor"
249,"zp, ndent, kyrola, clementine, mahout"
250,"ssp, blems, gss, llll, xxs"
251,"moa, chloride, stomach, resting, confusions"
252,"bisects, bitrarily, borrowers, correlat, cylinders"
253,"supermarkets, designations, fri, hypertext, celsius"
254,"maddala, referee, inaccurately, declares, misspecification"
255,"inbox, ffill, subscribe, eda, overestimation"
256,"restoring, bartz, statsmodels, goswami, umerical"
257,"contestants, moghaddam, dorogush, gulin, prokhorenkova"
258,"syndrome, utilises, auroc, unprocessed, clement"
259,"ignorable, karim, watt, uding, enemy"
260,"hebert, stitutes, pollard, contrarily, exemplary"
261,"ffill, majumdar, postings, alerts, linkedin"
262,"ffill, chatgpt, aggregations, sheets, unavoidable"
263,"ffill, dataframes, beginner, overflow, panda"
264,"esc, usp, bilateral, iss, otexts"
265,"diesel, specimens, devore, corrosion, divisor"
266,"pythagoras, pythagorean, adventure, distan, punjab"
267,"linalg, needless, quora, vectorsa, walked"
268,"venn, shortens, circa, legacy, utorial"
269,nan
270,"generalises, scie, quotes, onan, bbc"
271,"synset, equalize, mihalcea, lexicography, measuremen"
272,"positing, hinrich, posting, postings, happiness"
273,"sloan, gopal, storm, wheres, obligations"
274,"consequential, henrique, surrey, narayan, flavor"
275,"quation, bialek, stirling, eural, factorials"
276,"dlog, moulines, allw, objectivef, xih"
277,"gales, atic, pix, cepstral, thexi"
278,"syndrome, zeger, mfcc, suspicions, resting"
279,"cumulant, conservatively, dro, prokhorov, reformulations"
280,"motorcycle, baig, franke, mage, adversar"
281,"brisbane, cumulant, xdenotes, singly, sony"
282,"motorcycle, approvals, irb, screenshots, kuang"
283,"karsten, renyi, gaussianity, isit, goldfeld"
284,"aloi, bur, renyi, ferrer, jebara"
285,"breach, csp, nanyang, neurophysiology, oder"
286,"cern, nondifferentiable, ret, fpga, deposits"
287,"sitive, donn, centrated, travels, ometry"
288,"interprets, needscompilation, yossi, maintainer, mallows"
289,"accoun, alen, ergence, essing, gnition"
290,"dlog, referee, afore, gument, tistically"
291,"hebert, istration, preproc, shipped, reco"
292,"alternated, graceful, tighten, ssp, abandon"
293,"aarts, consequential, distributive, voter, uy"
294,"movers, admm, monge, levina, geophysical"
295,"dissolved, uare, straigh, imated, caus"
296,"invalidating, smile, insect, mentally, doubted"
297,"suppressed, coinciding, autocorrelated, endogenous, gls"
298,"diagonalize, xwhich, tiresome, gaussianity, homoskedasticity"
299,"liney, omnibus, thedependent, froma, tothe"
300,"flinger, notz, mindrila, phoebe, lurking"
301,"gail, xnp, thevector, erg, encapsulated"
302,"aitken, cautionary, ectation, physicist, residu"
303,"attenuation, intracluster, ante, incumbent, idempotent"
304,"quandt, powering, istance, underlines, goldfeld"
305,"homoskedasticity, opts, orde, ubiquity, godfrey"
306,"xtest, regressio, funnel, punjab, ient"
307,"quandt, powering, underlines, goldfeld, misspecification"
308,"widgets, tistics, diam, errata, govt"
309,"alexan, cautionary, conover, madow, olejnik"
310,"sanford, quiring, ymin, christina, cfor"
311,"referee, biosci, snp, clusion, isons"
312,"ithm, lz, diately, tighten, ximated"
313,"looser, innermost, renaming, abiteboul, preconditions"
314,"relabel, snp, thenw, aof, anode"
315,"neuhaus, ferrer, attrib, conte, inser"
316,"referee, inputsx, thenw, leastk, volving"
317,"conditio, petrie, gnition, abb, tele"
318,"lli, ofj, iyi, sellers, sistemas"
319,"breach, emailing, notify, hancock, holders"
320,"sitive, urthermore, filho, env, axi"
321,"schafer, champaign, yer, jordon, edp"
322,"intimately, cylinders, sometime, nonresponse, horsepower"
323,"medicinal, govt, prejudices, empowered, gary"
324,"kfold, ctrl, faq, traincontrol, trcontrol"
325,"schafer, hassanien, undisclosed, sherlock, icacci"
326,"hinkley, ignorable, uij, browne, vij"
327,"davenport, elliptically, ignorable, incompleteness, logf"
328,"metrika, xss, shalabh, calcutta, efficiencies"
329,"ignorable, phrased, exx, eir, ators"
330,"dissolved, fink, wager, biomet, mz"
331,"moa, chloride, iraq, stomach, resting"
332,"speculate, messier, janssen, surrey, perspect"
333,"vos, konstantinos, viability, wolfram, sistemas"
334,"buses, scriptor, distinctiveness, compass, cue"
335,"retirement, bedrooms, corrosion, mounted, downfall"
336,"cmd, homoskedasticity, ats, faq, dss"
337,"quandt, proofreading, chloride, cortez, funnel"
338,"bialek, ysi, domeniconi, parameterizes, soy"
339,"diagonalize, pointxi, orl, peltonen, crowley"
340,"weassumethat, froms, ingeneral, withh, simoudis"
341,"slutsky, zomeren, emanuel, izenman, ators"
342,"krzanowski, visualising, backed, jel, calcutta"
343,"repertoire, ypred, awith, lanobis, maha"
344,"krzanowski, erefore, zomeren, lanobis, maha"
345,"msu, matrixm, tently, nca, domeniconi"
346,"dillon, fukunaga, msu, kittler, kuang"
347,"visualising, wavelengths, bristol, blogspot, realise"
348,"mfcc, microphone, echnol, oice, mahalakshmi"
349,"physicists, newtonian, abandon, nondegenerate, infinitesimal"
350,"rij, newtonian, electro, vacuum, doomed"
351,"nondegenerate, relativity, sinh, pergamon, traveled"
352,"traveled, uber, crow, fly, driver"
353,"krishnaiah, nonpositive, outright, seidel, submatrices"
354,"xjp, xip, myanmar, imperfection, foods"
355,"nonpositive, speculate, submatrices, tighten, suburban"
356,"submatrices, goldenberg, inaccurately, complementarity, degli"
357,"welsh, ferrer, deceptive, zipf, autonomously"
358,"oven, dialect, webpages, utah, sami"
359,"fukunaga, janssen, ofj, nominator, objectivity"
360,"littered, redictive, kifer, sigart, toe"
361,"checkout, emoji, unveiling, punctuations, reply"
362,"enzyme, pvalues, thornton, gpl, cuesta"
363,"oven, dialect, webpages, utah, sami"
364,"immedi, mitzenmacher, iyi, centrated, dale"
365,"ponential, worded, chies, gruber, wik"
366,"ege, burlington, yap, motive, sualization"
367,"crashed, finger, altavista, promptly, misspelled"
368,"dts, overcast, worsening, contd, splitter"
369,"classy, upside, overt, observationx, runif"
370,"serves, block, plays, bayes, explanation"
371,"serves, block, plays, bayes, explanation"
372,"serves, block, plays, bayes, explanation"
373,"serves, block, plays, bayes, explanation"
374,"serves, block, plays, bayes, explanation"
375,"serves, block, plays, bayes, explanation"
376,"serves, block, plays, bayes, explanation"
377,"serves, block, plays, bayes, explanation"
378,"serves, block, plays, bayes, explanation"
379,"serves, block, plays, bayes, explanation"
380,"ggplot, wherex, jay, aes, commas"
381,"xnew, tps, utions, objectivity, depreciation"
382,"toyi, whereyi, lnp, anyw, hotmail"
383,"hormone, absorption, designations, calcium, junk"
384,"sectio, phy, regio, ults, trapezoidal"
385,"trapezoidal, dame, universiteit, subsumed, endfor"
386,"donation, azure, underrepresented, configure, doubles"
387,"verde, xai, cordingly, winequality, tolerances"
388,"categorise, maxa, xts, condensing, wholly"
389,"todo, mcfadden, lowess, gumbel, burr"
390,"defensive, ults, konstantinos, correlational, christo"
391,"doesnot, thelabels, theother, theoutput, uploading"
392,"interlude, functionlogit, equivalents, statlog, toa"
393,"choppy, christie, cinematography, couch, hokey"
394,"hackernoon, theprobability, democrat, taller, lived"
395,"toyi, pointxi, thecost, withyi, labelsyi"
396,"bisects, bitrarily, borrowers, correlat, cylinders"
397,"yilog, ypred, ytrue, harshly, odisha"
398,"toussaint, surprises, logq, nll, huffman"
399,"guangliang, kraft, akernel, hazardous, hardwood"
400,"kannan, yap, atif, dogan, kane"
401,"aarts, brisbane, travelling, absorbing, announce"
402,"colormap, contourf, suv, iloc, meshgrid"
403,"logr, betweenf, functiony, alculating, alculation"
404,"occ, withyi, bremen, linearities, wseas"
405,"misconception, burlington, covert, scrutiny, inadequacy"
406,"knot, knots, venables, curvilinear, ripley"
407,"survived, titanic, passenger, machinelearning, passengers"
408,"inadequacies, cjj, kraft, hazardous, hardwood"
409,"nana, xtest, regressio, conformity, shirani"
410,"johnstone, pathologies, tangency, cantelli, recherche"
411,"johnstone, segal, dms, xty, mostn"
412,"entrepreneur, clu, hon, regressi, lessen"
413,"births, delaunay, hyperspace, ition, pplied"
414,"misconception, setosa, hackernoon, ret, winequality"
415,"alpaydin, unsolvable, underperform, grus, varun"
416,"elasticnet, underestimating, typo, outweigh, poll"
417,"leaking, equated, gareth, raschka, mills"
418,"redo, unavoidable, announcements, fluctuation, noises"
419,"letc, ranker, corroborate, withi, hern"
420,"relabel, pects, rocs, sitive, northwest"
421,"plotly, linewidth, wehave, thedata, vidhya"
422,"gallon, horsepower, mpg, loocv, miles"
423,"balcan, holdout, rhs, maria, degenerate"
424,"weightings, csc, descendants, descendant, outlook"
425,"kfold, ctrl, faq, traincontrol, trcontrol"
426,"broadly, slides, fifth, sized, hyper"
427,"shake, fallen, rue, microarrays, biomarker"
428,"esl, barron, tabulate, gareth, jui"
429,"pillow, loo, governing, frequentist, credible"
430,"wheny, horsepower, mpg, ifn, thetraining"
431,"resamples, invariably, osuna, luxury, tempted"
432,"amax, rocs, labelsy, mislabeling, garding"
433,"thecost, bristol, ranker, heaven, calibrating"
434,"troubles, confuses, pillai, linearregression, yand"
435,"perimeter, reserves, ndarray, concavity, fractal"
436,"troduction, cisely, qsar, bur, pinned"
437,"accompany, beale, cautionary, hinkley, gruber"
438,"syndrome, biopsy, tps, tistics, sitivity"
439,"developmental, infections, cdfs, glucose, thicker"
440,"verde, xai, cordingly, winequality, tolerances"
441,"profession, postal, elevation, bonus, resurgence"
442,"bollen, ficients, maddala, traumatic, teraction"
443,"discerned, oy, suman, bigdata, hdfs"
444,"electro, soma, smell, controllers, southeastern"
445,"obt, ita, experim, additiona, engl"
446,"graceful, biosci, lateral, tweaked, freeing"
447,"soni, krylov, nytimes, conjectures, amato"
448,"bubbles, chloride, dissolved, downloadable, affordable"
449,"powering, irjet, cbs, backup, autonomously"
450,"hydrogen, messenger, absorption, qsar, haviour"
451,"beale, municipal, ecol, christina, restarted"
452,"haykin, moor, vandewalle, stra, damental"
453,"metabolic, haykin, soma, significan, universality"
454,"rthe, jand, mof, smin, cycling"
455,"cmd, hover, pasted, ctrl, expectancy"
456,"petal, scrutiny, halted, reverses, scribe"
457,"npc, taxable, divorced, dts, fragmentation"
458,"multiway, bisects, unaltered, cary, sammut"
459,"conditio, sectio, blems, directl, impure"
460,"outright, shai, insta, gions, barring"
461,"valuev, emoji, overcast, beside, descendants"
462,"chelsea, substantively, agresti, exponentiating, occupation"
463,"logk, overcast, gz, hunt, accidentally"
464,"impure, dmml, madhavan, sharply, steeper"
465,"premature, unpruned, ppi, overcast, thumbs"
466,"bhubaneswar, niser, sepal, gaurav, clf"
467,"neuhaus, reprinted, engl, ceive, mistaken"
468,"inbox, feedbacks, shuai, residue, svg"
469,"guangliang, trates, cancerous, terrible, withk"
470,"loosing, artery, bmi, overweight, exponentiate"
471,"positing, natives, intents, cdfs, burr"
472,"segal, overwhelmed, sdu, sofia, hauptmann"
473,"duplication, ros, borderline, duplicated, duplicates"
474,"aiaa, sulaiman, rijsbergen, galar, ethodology"
475,"esar, xts, affordable, orkshop, galar"
476,"rish, declares, uppsala, kfold, wseas"
477,"disjunctive, expressivity, togram, dts, overcast"
478,"chaid, jae, overcast, halt, announcements"
479,"dmml, madhavan, impurity, cart, tolerance"
480,"cute, tame, jagged, horsepower, accommodated"
481,"decisiontreeregressor, dall, dirt, derek, nmin"
482,"bhubaneswar, niser, sepal, gaurav, clf"
483,"mars, weakest, stratify, bagged, additivity"
484,"autocorr, unadjusted, iij, wooldridge, coeff"
485,"weassumethat, cantelli, inthissection, kern, dms"
486,"jakub, mina, bmi, latexit, irreducible"
487,"izenman, classificati, demerits, mammographic, riate"
488,"brownlee, thir, gardless, enhanc, churn"
489,"interpolates, unpruned, progre, misclassifies, oob"
490,"occ, withyi, bremen, linearities, wseas"
491,"cautioned, thu, nonsignificant, shalabh, consi"
492,"mination, sumes, leisch, subdirectories, accompanies"
493,"reform, hafner, xss, nonsignificant, cary"
494,"sociated, collaborating, jsp, atkinson, hahn"
495,"uij, tij, nobservations, contrarily, mdm"
496,"amaratunga, nological, konstantinos, eir, teraction"
497,"epidemiologic, foresee, ient, calif, mccormick"
498,"mcfadden, wife, ani, kids, educ"
499,"xxvii, xxs, xnp, zur, contrarily"
500,"xih, llll, epidemiologic, mccormick, artery"
501,"expenses, salaries, expenditures, kilograms, multicollinear"
502,"lz, gument, esar, bristol, mentally"
503,"trapezoidal, interpola, kauf, prati, schutze"
504,"rename, refresh, screenshot, toolbar, launch"
505,"xty, kwk, afternoon, blogspot, myth"
506,"immensely, auroc, rish, ubiquity, sammut"
507,"geeksforgeeks, br, ic, introductory, cont"
508,"nachtsheim, kleinbaum, wasserman, neter, kuh"
509,"draper, correlat, ypothesis, iosr, usin"
510,"bollen, ficients, intimately, ret, pinpoint"
511,"choppy, christie, cinematography, couch, hokey"
512,"mairal, withy, predicty, functionsf, hedge"
513,"iain, johnstone, hormone, appliances, interrupted"
514,"kute, libreoffice, mitu, mituskillologies, skillologies"
515,"nana, xtest, regressio, conformity, shirani"
516,"solla, radlinski, onclusions, xtest, ranker"
517,"outright, fiers, finger, milder, protects"
518,"causation, obesity, atlantic, smoke, obese"
519,"ficients, gument, whiten, whitened, harvey"
520,"scatters, encompassed, abline, lowess, minimums"
521,"accompany, flinger, notz, correlational, martha"
522,"caus, concentric, multiples, ue, surrogate"
523,"lvdmaaten, csc, andrews, bisection, symmetrized"
524,"northwest, lvdmaaten, buggy, quadtree, pji"
525,"lvdmaaten, exaggeration, taller, distill, attraction"
526,"repulsion, dq, normalizations, exaggeration, sap"
527,"pji, minj, linderman, numbering, exaggeration"
528,"screens, graphing, cleared, pressing, zoom"
529,"cough, cylindrical, sdu, sloan, sathe"
530,"recasting, marques, provinces, vacuum, jel"
531,"biostatistical, ferentiable, secs, ung, dens"
532,"supposes, erall, mportant, foreca, stoffer"
533,"corrosion, metals, fusing, moya, thermodynamic"
534,"proofreading, municipal, jesus, governance, historic"
535,"watt, bedrooms, leaning, unregularized, debiased"
536,"aydin, soni, simulator, unneces, mohammadi"
537,"confirmation, revisions, borrowers, frankfurt, ssm"
538,"mariani, correlational, cultivation, openly, levinson"
539,"attenuation, incompleteness, metabolic, zhejiang, multimodality"
540,"thevector, jumped, lady, vietnamese, latexit"
541,"ernative, autocorr, schreiber, tatistical, coastal"
542,"dlog, maya, redmond, tron, forbidden"
543,"prizes, minmaxscaler, harvest, ilyas, standardscaler"
544,"nij, enrichment, stdev, probes, biweight"
545,"hosking, dgp, rissanen, quinn, levinson"
546,"ernative, autocorr, schreiber, tatistical, coastal"
547,"yyy, storey, gasoline, fft, tttt"
548,"ponential, oder, closes, kindly, limn"
549,"logb, unanticipated, logy, chronologically, loga"
550,"cloth, davenport, cessive, carlson, struck"
551,"supposes, erall, mportant, foreca, stoffer"
552,"mentally, precludes, plest, toys, climbing"
553,"butterworth, oise, otexts, mportant, brockwell"
554,"ponential, neves, cordeiro, mechan, stantial"
555,"recasting, moor, vandewalle, maining, oday"
556,"mfcc, fukunaga, visualising, peltonen, vanced"
557,"chocolates, accommodates, profoundly, irregularly, prophet"
558,"iain, secs, nous, upfal, emanuel"
559,"bse, clo, traders, imitated, punjab"
560,"recasting, microelectronics, intermittent, majumdar, dwivedi"
561,"voila, indata, bigdata, stra, peatedly"
562,"undertake, interviewers, localities, voter, blacks"
563,"necessar, orthogonally, prespecified, shalabh, srswor"
564,"nij, csp, variabilities, srswor, cce"
565,"srss, variabilities, diagonally, elevation, vegetation"
566,"bhubaneswar, niser, naik, sgn, vidhya"
567,"physicists, atallah, bigdata, greenwald, hdfs"
568,"physicists, atallah, bigdata, greenwald, hdfs"
569,"congr, dorogush, gulin, prokhorenkova, bundling"
570,"vos, randomisation, uy, donn, comme"
571,"cern, conover, limk, recasting, jegelka"
572,"perth, shami, mob, probst, tunability"
573,"cautionary, phew, ante, quotes, ators"
574,"lli, cylindrical, defaul, ults, culotta"
575,"amaratunga, neves, cough, beni, arandjelovic"
576,"flinger, notz, vale, mindrila, phoebe"
577,"nonstandard, zx, qualify, eligible, inches"
578,"gre, incidentally, democrats, poverty, governor"
579,"bitrarily, leptokurtic, ntal, affair, promptly"
580,"lifetimes, gallon, percents, thestandard, cans"
581,"unimodal, shaded, bars, psychology, bell"
582,"dyk, diagonalize, elliptically, limk, logk"
583,"standarddeviation, lights, nonstandard, ands, rear"
584,"pops, calculators, sheet, blank, tab"
585,"newborn, bulbs, aeroplane, polls, expenses"
586,"choppy, recession, statsmodels, backshift, supt"
587,"regio, undertake, honda, hydrogen, electro"
588,"letc, fors, dof, prn, decorrelates"
589,"absorption, qsar, downloadable, developmental, chemom"
590,"gales, mckean, sensed, ecol, perimeter"
591,"rural, stratifying, yw, geography, ih"
592,"eligibility, vir, subpopulations, toolbar, nev"
593,"enrolment, voter, enrollments, xfor, counties"
594,"franco, esc, ernie, marques, teknik"
595,"demerits, srswor, wages, village, iij"
596,"kar, lix, nana, ung, moa"
597,"yew, chies, lun, junjie, pier"
598,"lli, madow, yik, iss, unbi"
599,"rij, segal, printf, stdio, muslim"
600,"phy, perpen, biopsy, ncr, significan"
601,"elevation, snn, vegetation, ancillary, trait"
602,"contd, variates, vijay, dg, oft"
603,"gosset, specifics, kurtosis, homework, skewness"
604,"nobservations, standarddeviation, hypo, wherew, noncentrality"
605,"biostatistical, thez, wrinkle, bios, thicker"
606,"limk, xxiv, stirling, xxiii, totaling"
607,"dependently, expecta, terval, imately, mula"
608,"bulbs, quadrant, gosset, flatter, tending"
609,"stdev, irish, gosset, psu, superimposed"
610,"fontsize, discerned, ggplot, colormap, css"
611,"geeksforgeeks, gosset, delineate, shaping, undefined"
612,"kute, libreoffice, mitu, mituskillologies, skillologies"
613,"fontsize, inset, contourf, magenta, proportionate"
614,"seidel, xlsx, heated, woo, quintana"
615,"seidel, xlsx, heated, woo, quintana"
616,"ectation, revisions, diately, stamp, eliho"
617,"afore, bubbles, cough, esc, inset"
618,"hosking, dgp, rissanen, quinn, levinson"
619,"enroll, pane, toolbar, viewer, scroll"
620,"diam, linderman, repulsion, retinal, emma"
621,"npc, encircled, colours, connectors, gpl"
622,"esar, torial, kittler, dana, bae"
623,"kute, libreoffice, mitu, mituskillologies, skillologies"
624,"bonds, unpruned, jsp, gilles, modulate"
625,"oja, exj, cordingly, casey, centrated"
626,"inset, grady, interpoint, psl, nuclei"
627,"inset, grady, interpoint, psl, nuclei"
628,"npc, connectors, wickham, roxygennote, volcano"
629,"trended, sticking, recursions, didactic, substi"
630,"corroborated, toys, proportionately, sonal, revising"
631,"cloth, tues, fri, bookkeeping, chocolates"
632,"degli, jakub, nds, fuels, universitat"
633,"precup, downtime, moura, molnar, aos"
634,"iance, perils, tumer, bian, ekbal"
635,"residu, ecol, agglomeration, perspect, iterationt"
636,"tients, confidentiality, ideology, scrutiny, enhanc"
637,"cautioned, distinctly, quinn, mase, disturbing"
638,"stl, latexit, discouraging, dampens, erratic"
639,"suppressed, sour, cookies, irreducible, indefinitely"
640,"fontsize, zations, seaborn, automat, crosstab"
641,"timelines, muslim, unaddressed, inventing, mellitus"
642,"timelines, muslim, unaddressed, inventing, mellitus"
643,"timelines, muslim, unaddressed, inventing, mellitus"
644,"unpruned, raschka, kam, jority, decorrelates"
645,"randomizing, dwith, mlearn, mlrepository, ski"
646,"accompany, amaratunga, biopsy, blaschko, gopal"
647,"thecost, lmu, lindauer, probst, tunability"
648,"arisen, brownlee, iain, deem, smax"
649,"telligent, smax, moor, quiring, congr"
650,"conover, glmms, incompleteness, mfcc, randomizing"
651,"irls, lety, smoothers, wat, tiv"
652,"uncle, fpga, boson, dart, decompression"
653,"hthat, unregularized, xxxiii, yif, dart"
654,"irls, lety, smoothers, wat, tiv"
655,"pada, teknik, untuk, iosr, ethz"
656,"lz, krylov, blogspot, roe, xixt"
657,"hackernoon, decisiontreeregressor, defaulted, shirts, interviews"
658,"clicked, toolbar, pole, llc, symmetrically"
659,"ficients, eterized, amidst, brady, speculative"
660,"mcnamara, naomi, biomet, marcel, agostino"
661,"cab, generali, egularization, thinned, hine"
662,"pictorial, predecessors, suits, talks, reordering"
663,"dyk, kar, aydin, berghe, crowley"
664,"edgecolor, barh, vinod, scroll, anatomy"
665,"ggplot, bananas, shadows, wedge, whisker"
666,"outright, fiers, finger, milder, protects"
667,"smile, magenta, ngo, literacy, xticks"
668,"kute, libreoffice, mitu, mituskillologies, skillologies"
669,"kleiner, izenman, pencil, versities, collaborating"
670,"ntr, hover, weekends, mismatches, optimistically"
671,"hitting, inspected, tosses, toss, defective"
672,"unmatched, trait, unpaired, rigidity, upwards"
673,"touches, dispersed, shaded, asymmetric, gradually"
674,"hypergeometric, phillips, pdfs, consult, reciprocal"
675,"hypergeometric, phillips, pdfs, consult, reciprocal"
676,"squa, explo, portfolios, presumption, educated"
677,"aptitude, pradesh, noida, hyderabad, lowered"
678,"abbas, etx, por, thrown, xf"
679,"reds, shipment, bulbs, skepticism, blues"
680,"crashed, monroe, clicked, letx, advertisements"
681,"messier, thestandard, forz, panacea, issymmetric"
682,"dicates, flower, parabola, binom, flowers"
683,"eit, etx, bets, rolled, rolls"
684,"hurricanes, hhh, shipped, shipment, hth"
685,"doors, ece, confuse, geo, pmf"
686,"ocw, opencourseware, restatement, arrivals, causally"
687,"shipment, undergraduates, ceived, anyk, songs"
688,"narayan, subclusters, davies, rce, hibits"
689,"hald, alen, eated, ula, unkno"
690,"nationalities, nanyang, thinner, istics, drew"
691,"negativ, distributi, variabl, ribution, rth"
692,"attenuation, moulines, overdispersion, poiss, letz"
693,"overdispersion, yor, urally, bliss, onclusions"
694,"computep, tickets, caught, girl, qx"
695,"chocolates, distr, shooting, shots, mixes"
696,"landing, onan, lottery, factorials, theprobability"
697,"ncr, travelling, bolts, transmissions, visitor"
698,"zp, dwith, xss, minitab, zc"
699,"potato, bolt, bolts, vacuum, tetrahedron"
700,"drinkers, xxn, generically, glasses, cengage"
701,"births, nrr, openings, cab, ncr"
702,"hinkley, complaints, cordeiro, ula, nucleotide"
703,"hald, newborn, stochastics, clusion, cortez"
704,"hald, newborn, stochastics, clusion, cortez"
705,"reserves, sixes, picturing, seventy, thenx"
706,"unexpectedly, detectable, denominators, rerun, colnames"
707,"intermittent, answ, antony, spinal, behavioural"
708,"ypothesis, experim, bolts, ributed, decisio"
709,"ared, variablez, amined, thez, youngest"
710,"ared, categor, salesmen, herefore, sified"
711,"supposes, bolts, inadequacy, ributed, anoop"
712,"vaccine, inadequacy, proportionate, indifferent, salesmen"
713,"attainment, nationality, nationalities, graduation, sustain"
714,"doubted, calcutta, quotients, ype, ordinarily"
715,"therapeutic, siegel, tabulate, pave, myth"
716,"nare, pcm, telecom, wixi, inertia"
717,"sometime, shirts, mismatches, elongated, ellipsoids"
718,"merger, owns, equivalences, ghost, redistribution"
719,"epsi, sualization, mination, geological, tification"
720,"epsi, unprocessed, dougherty, streamlines, chengdu"
721,"mapreduce, reachable, minpts, reachability, discovers"
722,"denclue, dbs, xiaowei, flaws, hinneburg"
723,"nationality, npoints, euclideandistance, louisiana, knee"
724,"subclusters, rbind, organising, soms, subcluster"
725,"shaaban, lmu, sigact, sigart, sunil"
726,"epsi, sualization, mination, geological, tification"
727,"externally, purity, clusterings, minpts, incidence"
728,"intracluster, indata, discordancy, agglomeration, relocation"
729,"electronically, hypertext, descendents, visitor, contacts"
730,"langley, ctively, arian, eated, erge"
731,"eights, etx, inr, pocket, qx"
732,"thatxi, accommodating, thann, thekth, pane"
733,"overdispersion, stochastics, cused, pollard, eit"
734,"plicit, parameterizing, parameterizations, rth, athttp"
735,"ecting, hypo, statsmodels, xaxis, plotly"
736,"zw, feller, recursions, zb, ltl"
737,"lifted, demp, simoudis, mahout, requisite"
738,"voter, shake, minds, polls, reply"
739,"births, handed, baby, binom, babies"
740,"logb, newest, subclusters, interrupted, absorbing"
741,"births, hald, lety, qg, bliss"
742,"ncr, helm, defectives, producer, walls"
743,"minitab, psu, dirty, headed, lesson"
744,"seer, possessing, isp, probabilityp, inn"
745,"wolfram, bep, bino, atp, drew"
746,"utah, etx, pois, andre, minded"
747,nan
748,"ithm, xxiv, xxvii, bacterial, stomach"
749,"restoring, eterized, vanced, woo, sensed"
750,"exec, degli, fpga, cristina, alpaydin"
751,"diately, envelopes, peculiarity, terrestrial, froms"
752,"egative, logsoftmax, bceloss, bcewithlogitsloss, nllloss"
753,"fpga, mobilenet, chandrasekhar, ofe, paliouras"
754,"compressible, bject, agglomeration, prespecified, vigorous"
755,"submissions, differentia, reich, avinash, caponnetto"
756,"confirmation, exj, suman, arandjelovic, alch"
757,"lmu, karsten, bap, bookstore, fim"
758,"feichtenhofer, geoff, flipped, upstream, plateaus"
759,"vectorsa, hasegawa, voronoi, redistribute, quiz"
760,"educa, literacy, eck, elaborates, ght"
761,"dillon, krishnaiah, nondifferentiable, solla, gail"
762,"flips, separators, pic, expecting, metropolis"
763,"bundling, supermarkets, fim, mahout, visitor"
764,"gail, retinanet, tron, perspect, sinz"
765,"ezi, zebra, labely, squashes, examplex"
766,"ithm, oid, orithms, eibe, nowledge"
767,"lifted, iyi, modelin, procedings, lpp"
768,"jacobians, fancier, exponentiating, tianqi, kolter"
769,"abnormally, alch, stitutes, nowak, itrees"
770,"oy, regio, figur, randomisation, dens"
771,"kannan, yap, atif, dogan, kane"
772,"ezi, pragmatically, nominator, infinitesimal, congruence"
773,"yilog, ypred, ytrue, harshly, odisha"
774,"egative, logsoftmax, bceloss, bcewithlogitsloss, nllloss"
775,"defensive, prun, tacks, absorbing, halfspaces"
776,"renyi, hongyi, carmen, pix, algebras"
777,"ung, singly, pencil, mingyuan, rce"
778,"unbi, esl, chechik, liet, ubiquitously"
779,"keerthi, backed, parameterw, nati, aleksander"
780,"mislabeling, aryal, developmental, mage, mannor"
781,"ithm, supermarkets, rati, intru, multip"
782,"offerings, analysi, conviction, arge, deepak"
783,"baden, misinterpretation, deutsche, airport, village"
784,"rope, equipments, gifts, messaging, yeh"
785,"municipal, sigact, sigart, moustafa, dmkd"
786,"cern, randomisation, itrees, automat, tbe"
787,"davenport, metabolic, warranty, worded, larose"
788,"svdd, moussa, bastian, fxi, ransactions"
789,"splice, descendents, chop, sync, messed"
790,"simulator, halfspaces, astrophysics, velocities, quadtree"
791,"theny, vuut, kdtree, inrn, postal"
792,"furnish, amidst, pada, untuk, pinpointing"
793,"graceful, cab, bastian, threatening, ethodology"
794,"compressible, bject, agglomeration, prespecified, vigorous"
795,"oy, watts, encour, appliances, abb"
796,"diaz, brun, ifip, agric, hyun"
797,"lli, perth, gel, pinpointing, unaltered"
798,"tuitively, discordancy, gardless, outli, rng"
799,"distk, reachability, neighborhoods, lof, manhattan"
800,"abnormally, instrumentation, insider, adversaries, mammography"
801,"bubbles, css, aloci, angiulli, moya"
802,"multiway, watts, teed, kroger, brady"
803,"warranties, empowers, chemom, lous, oven"
804,"karim, warranty, ilof, nasrullah, burlington"
805,"tidimensional, perpen, shinde, saarland, skinny"
806,"dissecting, spheres, kd, safely, balls"
807,"gel, caches, asin, fringe, inser"
808,"caches, fringe, inser, quadtree, clr"
809,"tidimensional, perpen, shinde, saarland, skinny"
810,"interpoint, footing, latexit, defeated, rectilinear"
811,"eterized, lix, tistically, cq, puzzling"
812,"announcements, backtrack, voronoi, sham, furthest"
813,"letz, linalg, autonomously, rowi, kdtree"
814,"marina, collision, tg, collisions, bh"
815,"karim, warranty, ilof, nasrullah, burlington"
816,"tidimensional, perpen, shinde, saarland, skinny"
817,"establ, archaeology, summery, procedings, nuggets"
818,"unbi, esl, chechik, liet, ubiquitously"
819,"lof, abnormal, intrusion, fraud, anomaly"
820,"lrd, reachability, lof, outlier, neighbors"
821,"banking, lof, abnormal, fraud, unusual"
822,"ilof, ssp, stamp, filho, shyu"
823,"dth, kdtree, recurse, bst, dave"
824,"potato, yufei, containment, minconf, butter"
825,"pdata, madhavan, aml, logq, perturbed"
826,"fim, alphabetical, pbc, almaden, lemon"
827,"aitken, fertility, irls, pathologies, ponential"
828,nan
829,"ezi, labely, squashes, faisal, inputx"
830,"registers, colon, suffixes, violating, nutshell"
831,"aitken, undergoing, ytrue, blaschko, csurka"
832,"ofpi, momentarily, franke, isnon, unwarranted"
833,"kloft, sathe, vowel, forks, valuev"
834,"establ, archaeology, summery, procedings, nuggets"
835,"brisbane, huberty, incompleteness, langley, multiway"
836,"mitzenmacher, louvain, moustafa, tsinghua, complementarity"
837,"randomizing, auroc, thestandard, celestial, travels"
838,"conditio, haykin, erefore, pragmatically, shyu"
839,"unification, accessories, tuzhilin, beers, cereal"
840,"geert, sullivan, sherry, bauder, vercruyssen"
841,"aarts, setosa, manish, goldenberg, christina"
842,"geert, fabric, streamlines, consi, eibe"
843,"establ, archaeology, summery, procedings, nuggets"
844,"unders, peltonen, telligent, enrolment, artifi"
845,"hokey, berghe, messenger, diaz, hereby"
846,"accessories, additio, prespecified, clementine, agg"
847,"lateral, eamonn, geospatial, begum, oates"
848,"honey, drinkers, abce, diaper, mers"
849,"nanyang, manifested, yeo, edgeworth, ddos"
850,"drinkers, abce, diaper, pcc, treasure"
851,"svdd, moussa, bastian, fxi, ransactions"
852,"lmu, karsten, bap, bookstore, fim"
853,"microelectronics, prognostics, chamber, sae, emi"
854,"dmkd, accessories, qty, bap, agg"
855,"diately, envelopes, peculiarity, terrestrial, froms"
856,"erplane, arian, tforw, ximation, tirely"
857,"langley, accessories, iti, dth, tinues"
858,"reformulating, preventive, oder, ficult, iryna"
859,"inbox, wonders, subscribe, spectrogram, abhinav"
860,"amax, zp, ltriplet, dataloader, neck"
861,"tiger, ajakan, clune, ganin, yosinski"
862,"usp, folders, retrained, mel, encodings"
863,"thez, fancier, kwargs, secretly, autograd"
864,"reminders, unsupervisedlearning, wolfram, agation, wed"
865,"upstream, dendrite, maxout, canvas, andrej"
866,"soma, neurophysiology, axons, feedfor, wold"
867,"gelatt, wmin, oja, cessive, necessar"
868,"bto, aof, dislike, perceiving, conservatively"
869,"kar, aydin, crowley, jegelka, dara"
870,"ortunately, simplifications, galaxy, neuralnetworksanddeeplearning, elaborates"
871,"decomposing, definitely, optionally, backwards, feb"
872,"officially, upstream, autograd, modularity, promised"
873,"tft, dampen, hyphen, tdt, dft"
874,"temple, username, tfidf, idle, typing"
875,"temple, username, tfidf, idle, typing"
876,"berkeleyvision, surrey, ugly, javascript, fft"
877,"asgd, withh, tsybakov, dokl, dressed"
878,"acquires, reparametrization, unitless, schaul, tijmen"
879,"brownlee, enzyme, contourf, universality, rhythm"
880,"longitudi, perth, distress, directl, eiss"
881,"electra, whichis, evaluators, thevector, gelly"
882,"gnns, tttt, gnn, higgs, multilabel"
883,"wik, karsten, jialin, woodworth, jsd"
884,"onclusions, jialin, jebara, verview, liet"
885,"cute, hypernyms, resumes, lovely, meaningfulness"
886,"rag, distilbert, researching, linkedin, seamless"
887,"nacional, instituto, geared, geeksforgeeks, polytechnic"
888,"ewma, bowl, downwards, weightage, purple"
889,"rij, lbp, manzagol, wager, tyree"
890,"submissions, houlsby, lottery, lester, adnan"
891,"recreate, deeplearningbook, squa, tweaks, passion"
892,"bacterial, capitalizes, arduous, encapsulated, sauce"
893,"longitudi, perth, distress, directl, eiss"
894,"dives, simulator, subscribe, spinal, cookies"
895,"percents, uncon, fectively, lbp, fusing"
896,"pathologies, bubbles, larlus, wce, oday"
897,"occluded, jane, synthesizes, cns, consecutively"
898,"fabrizio, microelectronics, commendable, underwent, sistemas"
899,"crashing, simplifications, countless, raleigh, zipser"
900,"openaccess, artists, upsampling, cursive, digression"
901,"toll, brill, harter, zaragoza, league"
902,"folk, tft, posting, heap, antony"
903,"tele, teboulle, flammarion, lessard, diakonikolas"
904,"oven, hover, oscillates, logis, decorrelate"
905,"compressible, distracting, distractor, volving, xty"
906,"uij, watt, officially, underlines, overloading"
907,"verde, sauce, inhibits, faraway, erase"
908,"zipser, intellig, disappearance, sundermeyer, reflexive"
909,"nouvelles, oshua, rnnsearch, compendium, avec"
910,"hebert, nyt, clamp, stitutes, wik"
911,"electra, spectrogram, attn, appending, lora"
912,"transduction, tualized, fash, abstracted, latexit"
913,"suchas, duh, digression, imitate, grus"
914,"transliteration, baye, harsh, hyderabad, sos"
915,"mrf, exj, inconsequential, acquires, contractions"
916,"ishing, saarland, mcmahan, suboptimality, hayashi"
917,"risen, ernie, zhejiang, trillion, saas"
918,"abb, martha, meaningfulness, lexicalized, enthusiasm"
919,"ita, xdenotes, prateek, mairal, gower"
920,"yangqing, approvals, irb, screenshots, sigact"
921,"gales, corroborate, subnetworks, clue, iof"
922,"eliza, garbage, fishing, paraphrasing, linguists"
923,"pretraining, autoencoder, stacking, autoencoders, stacked"
924,"contractive, manifolds, frobenius, jacobian, encourages"
925,"cybersecurity, flag, fault, tabular, anomalous"
926,"decode, dialogue, gru, autoencoder, autoencoders"
927,"equivariant, petitjean, petal, nox, visin"
928,"enzyme, jacobians, orl, conjugacy, overheads"
929,"fontsize, cursory, intimately, jacobians, meme"
930,"quation, samplings, grasping, minmaxscaler, doesnot"
931,"lifetimes, warranties, warranty, incentives, grasping"
932,"newborn, supposes, tidimensional, ezi, randomizing"
933,"fallible, spoke, xlsx, contestants, distracting"
934,"fallible, spoke, xlsx, contestants, distracting"
935,"sectio, alternated, cern, fallible, uo"
936,"cosmic, hyung, conjectures, treme, thinned"
937,"consequential, cursory, defensive, graceful, moulines"
938,"mrf, butterworth, vance, encapsulated, conservatively"
939,"enrollments, morocco, alabama, stepped, undergone"
940,"bounce, lessard, revolves, mitliagkas, fij"
941,"irjet, clarification, indic, yer, icdar"
942,"warranties, ankle, ita, pinpointing, samir"
943,"compressible, nondifferentiable, nonpositive, uij, anyc"
944,"upsampling, inpainting, transposed, receptive, specialize"
945,"fallible, hardie, worried, enemy, wake"
946,"intimately, pubs, dsi, unroll, feats"
947,"openaccess, iryna, reimers, puzzling, arx"
948,"worded, cfor, operative, solo, positionality"
949,"moulines, ogistic, tbe, ivo, jui"
950,"regio, necessar, wager, hods, fight"
951,"beale, pvalues, berkeleyvision, umontreal, sherry"
952,"msu, delineated, boulanger, lewandowski, dumb"
953,"smooths, upside, bracketed, neuralnetworksanddeeplearning, dqn"
954,"dwith, reformulating, velocities, dth, lessard"
955,"oja, cisely, emanuel, protects, uncon"
956,"objectivef, ita, xdenotes, ism, prateek"
957,"asgd, counteract, denoise, steeply, juditsky"
958,"lz, allw, eit, shai, wheres"
959,"kleiner, tuitively, overheads, restarted, reformulating"
960,"limk, mmm, zhejiang, dwith, cantelli"
961,"undergoing, eit, kyrola, slip, shirani"
962,"invalidating, dms, ptb, dale, havee"
963,"yap, xdenotes, pengcheng, bertsekas, harley"
964,"lun, anyc, mcmahan, havee, psl"
965,"asgd, oise, uncon, oice, transducer"
966,"machinelearningmastery, dor, nadam, vitaly, spare"
967,"beale, liner, sincerely, stayed, haifa"
968,"reconstructs, compressing, foundational, attempting, reconstructed"
969,"unlock, sensory, fused, captions, autonomous"
970,"uncorrupted, dae, restoration, salt, sharper"
971,"distinctiveness, mimics, activations, redundancy, autoencoder"
972,"vaes, cornerstone, gradual, gans, imputation"
973,"lacked, clemens, interacted, laptops, ethz"
974,"couch, encour, letz, redmond, tengyu"
975,"zontal, distinctiveness, brook, tsinghua, attrib"
976,"uo, nare, ege, bremen, motive"
977,"yew, quiring, repe, inaccurately, incumbent"
978,"lety, orl, accumulator, halve, spotted"
979,"crashing, refused, lester, login, goto"
980,"umontreal, donn, comme, bolt, amrita"
981,"miranda, composes, backed, gul, zur"
982,"obt, nous, comme, additiona, rge"
983,"franco, computep, travelling, delaunay, ivo"
984,"heap, guadarrama, iandola, venugopalan, chorowski"
985,"logk, rthe, wavelengths, mirella, oord"
986,"diagonalize, iyi, axi, eig, exposing"
987,"lun, collocations, aof, wholly, misled"
988,"kannan, soundness, artifi, clarification, ethz"
989,"alexan, levesque, compres, leveling, tine"
990,"reconcile, troduction, ante, niche, electra"
991,"bse, covert, clemens, conditionality, clement"
992,"thu, dara, karthikeyan, syllable, sina"
993,"sentencepiece, bpe, whitespace, byte, tokenizers"
994,"alexan, levesque, compres, leveling, tine"
995,"alexan, fertility, yor, ablating, cused"
996,"meal, linalg, movers, curl, tunes"
997,"occurences, rudimentary, violet, laham, weightings"
998,"carmen, ders, rado, frome, acteristic"
999,"pentland, ticles, forma, viduals, seo"
1000,"potato, evaluators, jacent, sourcing, summariza"
1001,"pada, teknik, fiers, dissolved, bartz"
1002,"amidst, disseminating, inadequacy, redistributes, reichart"
1003,"overwhelmed, dara, fiers, aptly, calif"
1004,"alvarez, skipgram, doha, qatar, tacl"
1005,"punjab, sincerely, morphologies, rosario, ped"
1006,"langley, subcategories, reserves, hypertext, sofia"
1007,"soundness, announcing, mstparser, uas, argmaxy"
1008,"frankfurt, reranking, barrett, attaching, slav"
1009,"env, sav, nakov, filenames, laham"
1010,"rosario, misspelled, littman, dta, schutze"
1011,"nematode, variablez, zw, andz, wherew"
1012,"nematode, substantiate, cq, rems, csd"
1013,"empire, mrf, phy, welsh, reminders"
1014,"revisions, endfor, multinomials, illnesses, thinner"
1015,"multinomials, qd, gand, exchangeable, wordi"
1016,"gales, mcnamara, kare, plates, steyvers"
1017,"wordsw, nij, warnings, consecutively, finetti"
1018,"modelin, softening, dth, opennlp, waikato"
1019,"conover, mrf, unification, undergoing, suburban"
1020,"enzyme, revisions, traumatic, utilises, prison"
1021,"untuk, speeches, bina, arif, masyarakat"
1022,"connotations, esl, recession, resnik, furniture"
1023,"kamath, nytimes, neuralnetworksanddeeplearning, translator, lena"
1024,"pects, mirella, francesca, frome, fabio"
1025,"restoring, storm, precondition, preconditions, maier"
1026,"beni, carlson, messenger, magazines, irjet"
1027,"eig, ntal, scorer, majumdar, ifs"
1028,"scorer, attaching, frege, wein, demos"
1029,"lady, xcomp, amod, recreate, umd"
1030,"subsumed, ssl, sbert, nli, snli"
1031,"traumatic, collocations, automat, uppsala, recherche"
1032,"mstparser, edmonds, cleanup, maltparser, projectivity"
1033,"xiaoqiang, uppsala, reranking, retrospect, nakagawa"
1034,"tft, engr, plagiarism, tse, pantel"
1035,"cambria, nurse, harvested, sina, synset"
1036,"martial, ankle, nformation, ositive, redmond"
1037,"vowel, syllable, syllables, byx, indiana"
1038,"watts, phrased, maxarg, dislike, polarities"
1039,"discerned, occurences, wordsw, tues, nformation"
1040,"telligent, grady, multipl, sundar, compon"
1041,"equated, machinelearningmastery, optimises, ugly, radimrehurek"
1042,"bollen, classy, fabrizio, films, parker"
1043,"priced, captain, crashed, recession, speculation"
1044,"unprocessed, feats, mstparser, edmonds, dobj"
1045,"pects, mirella, francesca, frome, fabio"
1046,"electronically, shalabi, baig, clarification, ntal"
1047,"ronen, mounted, curl, nadu, webpages"
1048,"yew, maya, ofj, recherche, trinidad"
1049,"iain, culotta, sitions, bian, terence"
1050,"rega, eliza, spams, demerits, chocolates"
1051,"immensely, essing, preproc, irjet, samir"
1052,"rega, eliza, spams, demerits, chocolates"
1053,"lexically, swering, kneser, altun, ternal"
1054,"mariani, nological, universitaires, reformulations, lbp"
1055,"indo, agglutinative, karlsson, equitable, landau"
1056,"vos, undertake, sist, pada, teknik"
1057,"vimala, lemmatizers, paice, ethel, yadav"
1058,"mariani, nological, universitaires, reformulations, lbp"
1059,"iosr, amrita, unavailability, akshay, govt"
1060,"jane, bracketed, regina, goats, airport"
1061,"tirely, skinny, afternoon, zebra, tad"
1062,"neves, newest, sony, jsp, roof"
1063,"spoke, captain, crashing, cans, afternoon"
1064,"forks, rbs, tagsets, opennlp, tbl"
1065,"maxarg, universality, capitalizes, tnt, goats"
1066,"microphone, pronunciation, medal, acs, schutze"
1067,"iosr, amrita, unavailability, akshay, govt"
1068,"fertility, maxarg, fertile, challenged, frag"
1069,"folk, kar, encour, utilises, surrey"
1070,"arinen, hyv, martial, redmond, austrian"
1071,"ognized, maeda, jacent, vij, ders"
1072,"franco, pathologies, rocs, tients, albers"
1073,"empire, neves, naga, nyt, weikum"
1074,"yilog, arinen, hyv, lnp, logb"
1075,"meticulously, empowers, pinpointing, celestial, delineated"
1076,"wat, feline, contingent, frege, bonds"
1077,"complaints, irreversible, confidentiality, governance, leaking"
1078,"petrie, uo, maining, uncle, hereby"
1079,"iraq, sterling, superficially, grover, organisations"
1080,"uo, mccormick, mandarin, wordw, translator"
1081,"bollen, furnish, categorise, challeng, bashir"
1082,"films, sony, bbc, toll, victims"
1083,"fabrizio, stantial, svds, hyperspace, microscopy"
1084,"occ, obt, attrib, gardless, significan"
1085,"fabrizio, stantial, svds, hyperspace, microscopy"
1086,"pesticide, farms, distilled, thickness, resistance"
1087,"dame, inquiries, securely, underwent, ormance"
1088,"mellitus, verdict, elephant, grishman, chased"
1089,"peculiarity, hhh, polarized, preventive, degli"
1090,"cambria, cue, vij, sheikh, humor"
1091,"zp, bayesians, nematode, breach, mcnamara"
1092,"wonders, metals, rbs, hajic, copula"
1093,"karim, tele, abroad, exerts, sentiwordnet"
1094,"amod, senator, sandra, immigration, dobj"
1095,"reminders, catalan, karlsson, announcing, uas"
1096,"sherry, xiaoqiang, educa, barrault, greenwald"
1097,"restoring, togeneralize, unprocessed, lexicalized, xcomp"
1098,"secs, umap, rownames, parliament, repr"
1099,"abnormally, zipf, detriment, forma, streeter"
1100,"larose, composes, integrative, mahwah, unt"
1101,"eytan, underestimating, shmueli, vwi, dragomir"
1102,"empire, hurricanes, invalidating, leveling, begs"
1103,"welsh, beni, suman, scie, categorise"
1104,"confidentiality, meticulously, empowers, nationalities, fictional"
1105,"motorcycle, reichart, simlex, wordsim, paradigmatic"
1106,"doubted, sigman, kes, ghezala, eisenstein"
1107,"rownames, rbind, trailing, fier, tokenisation"
1108,"empowers, inquiries, morphologies, forefront, intents"
